,NOME MUNIC√çPIO
SAO PAULO,2476070
RIO DE JANEIRO,1460754
SALVADOR,710979
FORTALEZA,687994
MANAUS,624350
BRASILIA,554987
BELO HORIZONTE,473196
BELEM,432871
RECIFE,390094
CURITIBA,322624
GOIANIA,315608
SAO LUIS,296046
GUARULHOS,295820
NOVA IGUACU,248886
MACEIO,245516
DUQUE DE CAXIAS,243743
SAO GONCALO,239920
PORTO ALEGRE,239172
TERESINA,221681
CAMPINAS,210810
NATAL,204736
JABOATAO DOS GUARARAPES,197218
CAMPO GRANDE,196896
JOAO PESSOA,192970
FEIRA DE SANTANA,167278
OSASCO,149948
ANANINDEUA,144856
ARACAJU,144125
CUIABA,143432
SAO BERNARDO DO CAMPO,142952
BELFORD ROXO,142060
CAMPOS DOS GOYTACAZES,140127
PORTO VELHO,137278
UBERLANDIA,137123
MACAPA,136355
SOROCABA,134633
SAO JOSE DOS CAMPOS,134292
CONTAGEM,131909
SANTO ANDRE,126943
SERRA,119726
BOA VISTA,116753
APARECIDA DE GOIANIA,115848
RIBEIRAO PRETO,114941
OLINDA,113611
SAO JOAO DE MERITI,112610
SANTAREM,109496
CARUARU,108189
CAUCAIA,105389
CAMPINA GRANDE,104805
RIO BRANCO,103562
LONDRINA,100187
VILA VELHA,100022
JUIZ DE FORA,99493
PAULISTA,98311
VITORIA DA CONQUISTA,98301
BETIM,97643
NITEROI,97117
CARIACICA,96361
CARAPICUIBA,95162
PETROLINA,94898
MOGI DAS CRUZES,94837
FLORIANOPOLIS,93966
MONTES CLAROS,93655
ITAQUAQUECETUBA,92962
ANAPOLIS,90706
SAO JOSE DO RIO PRETO,88180
DIADEMA,87853
JOINVILLE,87314
CAMACARI,84670
CASCAVEL,83922
SANTA LUZIA,81103
MAUA,80152
RIBEIRAO DAS NEVES,76901
JUAZEIRO DO NORTE,76845
SAO VICENTE,75651
PALMAS,75085
MARABA,75063
PRAIA GRANDE,74746
GUARUJA,74440
IMPERATRIZ,73794
PIRACICABA,72909
VARZEA GRANDE,72361
MAGE,72216
SUZANO,72089
FRANCA,71342
PONTA GROSSA,70548
JUAZEIRO,70303
PELOTAS,68230
MOSSORO,68111
BAURU,67827
PETROPOLIS,67738
ARAPIRACA,67530
MARINGA,67512
GOVERNADOR VALADARES,67179
FOZ DO IGUACU,66575
CABO DE SANTO AGOSTINHO,66543
ITABORAI,66508
SANTOS,66084
CANOAS,65683
MARACANAU,65615
CAXIAS DO SUL,64723
EMBU,64330
ABAETETUBA,64254
VITORIA,64135
SAO JOSE DE RIBAMAR,63993
BARUERI,62488
SAO JOSE DOS PINHAIS,61908
CABO FRIO,61436
JUNDIAI,61261
TABOAO DA SERRA,60736
PARNAMIRIM,60514
TAUBATE,59909
CASTANHAL,59566
PARAUAPEBAS,59191
UBERABA,58614
SOBRAL,58273
LAURO DE FREITAS,57946
ITAPEVI,57085
MACAE,56918
LIMEIRA,56696
SUMARE,55479
AGUAS LINDAS DE GOIAS,55091
ILHEUS,55066
NOSSA SENHORA DO SOCORRO,55003
VOLTA REDONDA,54453
ITABUNA,54406
GRAVATAI,54377
RONDONOPOLIS,54357
COTIA,53724
TIMON,52518
COLOMBO,52432
SANTA MARIA,51766
VIAMAO,50887
LUZIANIA,50739
DOURADOS,50122
IPATINGA,50036
SANTA RITA,49645
CAMETA,49253
SAO GONCALO DO AMARANTE,48668
CAXIAS,48541
MESQUITA,48357
ALAGOINHAS,48272
HORTOLANDIA,47575
SANTANA,47388
VITORIA DE SANTO ANTAO,47166
SETE LAGOAS,46805
CAMARAGIBE,46787
BLUMENAU,46462
PORTO SEGURO,45772
VALENCA,45575
JACAREI,45362
PARNAIBA,45212
ALVORADA,44757
BRAGANCA,44727
RIO VERDE,44690
SAO CARLOS,44680
QUEIMADOS,44613
JEQUIE,44596
TRINDADE,44495
DIVINOPOLIS,44269
ANGRA DOS REIS,44221
ITAPIPOCA,43872
FRANCISCO MORATO,43856
GARANHUNS,43534
TEIXEIRA DE FREITAS,42816
SAO LEOPOLDO,42794
ITAJAI,42715
MARICA,42604
SAO JOSE,42269
FERRAZ DE VASCONCELOS,42130
NOVA FRIBURGO,41797
RIO GRANDE,41749
CACHOEIRO DE ITAPEMIRIM,41703
NOVO HAMBURGO,41541
PRESIDENTE PRUDENTE,41469
MARILIA,41431
ARAGUAINA,41400
BARREIRAS,40486
TERESOPOLIS,40415
IBIRITE,40407
BARCARENA,39622
ARARAQUARA,39453
ARARUAMA,39326
INDAIATUBA,39156
ITABAIANA,39040
GUARAPUAVA,38846
VALPARAISO DE GOIAS,38764
MANACAPURU,38579
ITAITUBA,38459
RIO DAS OSTRAS,38413
ALTAMIRA,38389
SIMOES FILHO,38382
CRATO,38305
ITAPECERICA DA SERRA,37970
RIO CLARO,37836
PALHOCA,37625
NILOPOLIS,37562
AMERICANA,37475
MARITUBA,37266
BARRA MANSA,36759
PACO DO LUMIAR,36537
LINHARES,36460
CODO,36161
BREVES,36112
ARACATUBA,36098
REDENCAO,35794
PINDAMONHANGABA,35612
SINOP,35589
PARINTINS,35586
PAULO AFONSO,35333
IGARASSU,35302
VIANA,35223
LAGARTO,34970
ITAGUAI,34916
SAO LOURENCO DA MATA,34852
TEOFILO OTONI,34607
ABREU E LIMA,33971
BRAGANCA PAULISTA,33931
CACHOEIRINHA,33570
MARANGUAPE,33409
PARANAGUA,32986
GUARAPARI,32786
BACABAL,32615
SAO MATEUS,32540
SANTA CRUZ DO CAPIBARIBE,32478
SANTA INES,32364
PASSO FUNDO,32106
SAO SEBASTIAO,32065
ATIBAIA,32039
CHAPECO,31991
FRANCO DA ROCHA,31978
CARAGUATATUBA,31913
ITACOATIARA,31753
ITU,31737
CRICIUMA,31730
CRUZEIRO DO SUL,31501
PARAGOMINAS,31484
BOM JARDIM,31423
IPOJUCA,31393
EUNAPOLIS,31359
ITANHAEM,31300
MONTE ALEGRE,31139
SERRINHA,31120
ACAILANDIA,31115
TUCURUI,31016
LAGES,30998
ITAPETININGA,30798
PATOS,30589
JAPERI,30578
BONITO,30556
ARARIPINA,30388
SENADOR CANEDO,30282
SANTO ANTONIO DE JESUS,30165
ARAUCARIA,30126
FORMOSA,29936
SANTA BARBARA D'OESTE,29829
JI-PARANA,29365
POCOS DE CALDAS,29297
IGUATU,29208
CANDEIAS,29099
CHAPADINHA,28990
GRAVATA,28716
TIANGUA,28495
BAYEUX,28277
PONTA PORA,28271
VERA CRUZ,28232
PINHEIRO,28168
MOJU,27823
GUANAMBI,27720
CAPANEMA,27709
QUIXADA,27654
POUSO ALEGRE,27499
PATOS DE MINAS,27464
MOGI GUACU,27449
VICOSA,27264
BAGE,27106
VESPASIANO,26951
BALSAS,26888
SABARA,26874
FAZENDA RIO GRANDE,26730
PLANALTINA,26708
RIO LARGO,26673
SAO PEDRO DA ALDEIA,26648
CAMPO FORMOSO,26622
AQUIRAZ,26554
JACOBINA,26552
BARRA DO CORDA,26532
URUGUAIANA,26384
CANINDE,26372
CORUMBA,26326
POA,26294
SAPUCAIA DO SUL,26218
GOIANA,26130
TRES LAGOAS,26072
UBATUBA,26017
SAO CRISTOVAO,25929
SANTANA DE PARNAIBA,25861
SERRA TALHADA,25796
ARIQUEMES,25723
IGARAPE-MIRI,25706
PINHAIS,25552
BELO JARDIM,25483
COLATINA,25480
PACATUBA,25427
CUBATAO,25398
RESENDE,25321
APUCARANA,25190
SEROPEDICA,25183
BARBACENA,25132
ARAGUARI,25035
JANDIRA,24995
TAILANDIA,24958
SAO BENTO,24948
ITAPEVA,24930
COARI,24918
BALNEARIO CAMBORIU,24892
PICOS,24879
BOTUCATU,24874
CASA NOVA,24853
CEARA-MIRIM,24848
CACERES,24759
ALMIRANTE TAMANDARE,24722
SENHOR DO BONFIM,24438
SERTAOZINHO,24409
CARPINA,24361
GRAJAU,24311
CONCEICAO DO COITE,24265
TOLEDO,24263
BENEVIDES,24255
SAQUAREMA,24208
CRATEUS,24154
LUIS EDUARDO MAGALHAES,24152
TOME-ACU,24070
PIRAQUARA,23906
QUEIMADAS,23756
TATUI,23743
SARANDI,23677
ACARAU,23608
JAU,23596
VOTORANTIM,23595
BARREIRINHAS,23526
ACARA,23489
PALMEIRA DOS INDIOS,23420
CONSELHEIRO LAFAIETE,23381
GUARATINGUETA,23209
VARGINHA,23164
OURICURI,23164
DIAS D'AVILA,23160
NOVA SERRANA,23141
VICOSA DO CEARA,23095
ARACATI,23071
IRECE,23043
CAMPO LARGO,23036
MACAIBA,23024
NOVO GAMA,22973
ARARAS,22971
ICO,22917
ORIXIMINA,22784
PESQUEIRA,22674
ALENQUER,22665
ITAPERUNA,22643
IRANDUBA,22580
QUIXERAMOBIM,22521
CORONEL FABRICIANO,22396
CAMOCIM,22364
SOUSA,22321
SANTO AMARO,22178
MORADA NOVA,22148
SANTANA DO LIVRAMENTO,22139
JARAGUA DO SUL,22101
PASSOS,22078
JATAI,22075
TRAIRI,22057
VISEU,22021
PERUIBE,22020
EUCLIDES DA CUNHA,21902
LAVRAS,21824
IBIUNA,21809
ARACRUZ,21785
TEFE,21783
MURIAE,21776
BARRETOS,21766
PACAJUS,21689
SURUBIM,21584
ESTANCIA,21578
BEZERROS,21554
CALDAS NOVAS,21547
BIRIGUI,21530
ITUMBIARA,21491
ITAPECURU MIRIM,21459
ARCOVERDE,21401
SALTO,21346
CATALAO,21339
ESCADA,21330
UMUARAMA,21261
RUSSAS,21240
VARZEA PAULISTA,21203
BOM JESUS DA LAPA,21079
UNIAO DOS PALMARES,20918
RIBEIRAO PIRES,20881
SAO FELIX DO XINGU,20876
COROATA,20834
ITABIRA,20686
SANTA ISABEL DO PARA,20665
MAIRIPORA,20649
CAPITAO POCO,20638
TABATINGA,20628
ARUJA,20601
SAO FRANCISCO,20555
HORIZONTE,20518
MANHUACU,20432
ITAMARAJU,20381
SAO GABRIEL,20373
PIRIPIRI,20323
VILHENA,20271
CACOAL,20244
CATANDUVA,20235
PENEDO,20201
ARAPONGAS,20192
GURUPI,20178
NOVO REPARTIMENTO,20164
TUCANO,20136
BEBERIBE,20076
ESMERALDAS,20065
OURINHOS,20058
TANGARA DA SERRA,20046
ITUIUTABA,20035
CIDADE OCIDENTAL,20012
BARRA DO PIRAI,19988
TUTOIA,19961
ITABERABA,19920
CONDE,19875
ITAMBE,19867
CARATINGA,19759
CAMBE,19687
PALMARES,19599
JANUARIA,19580
MORENO,19553
CAJAZEIRAS,19543
BRUMADO,19521
IPIRA,19519
SAO MIGUEL DO GUAMA,19513
CAJAMAR,19488
ARAXA,19486
ITAJUBA,19365
GRANJA,19362
PORTEL,19350
CAMPO MOURAO,19335
UNAI,19326
BARBALHA,19280
SAO JOAO DEL REI,19242
PARACATU,19208
MONTE SANTO,19055
UBA,19050
TRES RIOS,19028
SAO CAETANO DO SUL,19027
MAUES,18933
ARACI,18884
PAUDALHO,18861
LIMOEIRO,18811
SANTA HELENA,18779
ITATIBA,18773
SORRISO,18746
RIBEIRA DO POMBAL,18704
BARRA,18662
VIGIA,18623
LEME,18603
SANTA CRUZ DO SUL,18602
SALGUEIRO,18602
CAMBORIU,18601
PRESIDENTE DUTRA,18583
CACAPAVA,18569
ASSIS,18468
BARRAS,18425
SANTA CRUZ,18390
BRUSQUE,18364
XIQUE-XIQUE,18355
EMBU-GUACU,18342
CRUZ DAS ALMAS,18322
BUIQUE,18291
CAIEIRAS,18238
GUAIBA,18219
BURITICUPU,18139
BREJO DA MADRE DE DEUS,18087
PAULINIA,18026
AUGUSTO CORREA,17993
LIMOEIRO DO NORTE,17957
TOBIAS BARRETO,17957
MORRINHOS,17951
ACU,17930
BARRA DO GARCAS,17922
SANTO ANTONIO DO DESCOBERTO,17909
HUMAITA,17906
SAPE,17839
PARANAVAI,17770
OBIDOS,17734
BURITIS,17688
BOA VIAGEM,17673
AGUAS BELAS,17619
CURVELO,17617
MARECHAL DEODORO,17605
ACOPIARA,17595
LORENA,17516
CACHOEIRA DO SUL,17507
VALINHOS,17394
ITAPETINGA,17375
ESPERANTINA,17285
PATROCINIO,17281
CACHOEIRAS DE MACACU,17277
CAMPO LIMPO PAULISTA,17223
JANAUBA,17174
AVARE,17142
SIMAO DIAS,17142
CAICO,17126
POCOES,17069
CATU,16931
ALFENAS,16920
OURO PRETO,16862
MAURITI,16801
ARACOIABA,16731
BERTIOGA,16707
CAETITE,16661
DELMIRO GOUVEIA,16642
SAO FRANCISCO DE ITABAPOANA,16602
TAUA,16544
ITUPIRANGA,16540
NAVEGANTES,16535
BOM CONSELHO,16522
FLORIANO,16485
BATALHA,16476
GOIANIRA,16472
PACAJA,16460
PORTO NACIONAL,16440
SAO BENEDITO,16429
SAO MIGUEL DOS CAMPOS,16425
MARAGOGIPE,16424
MONGAGUA,16377
PARA DE MINAS,16370
BOM JESUS,16344
VOTUPORANGA,16341
ITAPAGE,16328
CABEDELO,16302
SANTA MARIA DA BOA VISTA,16197
GUARABIRA,16192
SANTANA DO IPANEMA,16187
JURUTI,16185
ITAREMA,16145
JARDIM,16137
CRUZEIRO,16058
CAMPO MAIOR,16053
GOIANESIA,16032
AGUA BRANCA,16010
CAPELA,15983
URUARA,15948
PILAR,15905
MATA DE SAO JOAO,15871
AUTAZES,15836
SEABRA,15823
CURUCA,15807
GUARACIABA DO NORTE,15804
CASTRO,15778
UNIAO,15769
TUBARAO,15743
ARAIOSES,15728
SAO ROQUE,15671
PRIMAVERA DO LESTE,15665
SENA MADUREIRA,15660
SANTO ESTEVAO,15635
JACUNDA,15617
SAO BENTO DO UNA,15595
EUSEBIO,15523
TIMBAUBA,15492
TRES CORACOES,15463
GUAPIMIRIM,15459
TIMOTEO,15457
GUAIRA,15452
LAGO DA PEDRA,15421
RIO BONITO,15329
SAO JOAO DA BOA VISTA,15316
ITABAIANINHA,15309
NOVA LIMA,15274
SALINOPOLIS,15257
ITAUNA,15256
BARREIROS,15230
FRANCISCO BELTRAO,15200
ATALAIA,15164
ZE DOCA,15158
MINEIROS,15157
EXTREMOZ,15154
JAGUAQUARA,15113
CANAA DOS CARAJAS,15095
TORITAMA,15087
VARGEM GRANDE,15082
MONTE MOR,15080
ALEGRETE,15077
REMANSO,15044
LABREA,15034
MANICORE,15023
IPU,15005
PEDRA BRANCA,14980
CORURIPE,14969
PRAINHA,14951
JOAO MONLEVADE,14929
BREU BRANCO,14917
ESTEIO,14851
SANTALUZ,14816
BREJO SANTO,14814
JOSE DE FREITAS,14811
TARAUACA,14752
AMONTADA,14700
IPIAU,14693
IGARAPE-ACU,14674
COELHO NETO,14628
SAO FRANCISCO DO CONDE,14621
SAO VICENTE FERRER,14600
MUNDO NOVO,14600
PEDRO II,14583
MOJI MIRIM,14581
LIVRAMENTO DE NOSSA SENHORA,14577
CANARANA,14567
XINGUARA,14556
LAJEDO,14541
SANTA BARBARA,14528
SAO SEBASTIAO DO PASSE,14523
MAMANGUAPE,14465
LARANJAL DO JARI,14417
SAO JOSE DE MIPIBU,14406
CONCEICAO DO ARAGUAIA,14337
BOA ESPERANCA,14312
CANSANCAO,14267
CIANORTE,14243
CAMAQUA,14226
ALTOS,14224
PLANALTO,14210
SANTA QUITERIA,14148
ENTRE RIOS,14108
LUCAS DO RIO VERDE,14095
CAPAO DA CANOA,14089
BEBEDOURO,14069
SENTO SE,14030
JABOTICABAL,14024
MATAO,14023
AFUA,14002
PIEDADE,13996
ARMACAO DOS BUZIOS,13988
REGISTRO,13962
MILAGRES,13947
COLINAS,13937
PATO BRANCO,13913
BENTO GONCALVES,13906
ERECHIM,13860
RIO REAL,13856
VARZEA ALEGRE,13832
SANTA ISABEL,13831
SANTA MARIA DA VITORIA,13778
JARAGUA,13777
IJUI,13728
ITAPEMA,13719
LAGOA SANTA,13676
JEREMOABO,13670
PARACURU,13618
FERNANDOPOLIS,13565
MOMBACA,13540
OURO BRANCO,13509
MACAUBAS,13500
EXU,13488
CRISTALINA,13465
NOSSA SENHORA DA GLORIA,13464
BAIAO,13368
NOVA VICOSA,13366
BODOCO,13356
BIGUACU,13348
SANTO ANGELO,13342
IPUEIRAS,13342
MISSAO VELHA,13338
TRIUNFO,13329
MAE DO RIO,13325
MOCAJUBA,13304
PIRAPORA,13286
AREIA BRANCA,13276
BOCAIUVA,13254
SAO MATEUS DO MARANHAO,13233
SAPIRANGA,13232
TEOTONIO VILELA,13178
INHUMAS,13159
CAMPO ALEGRE,13136
JARU,13103
MARIANA,13056
NOVA CRUZ,13052
TURIACU,13044
BARRA DO CHOCA,13023
SAO JOAO BATISTA,12992
DOM ELISEU,12989
ITIUBA,12977
AFOGADOS DA INGAZEIRA,12968
CATENDE,12953
OEIRAS,12882
MARACANA,12880
IRATI,12877
ITAITINGA,12866
LINS,12843
PILAO ARCADO,12832
FORMIGA,12776
ROLIM DE MOURA,12775
DIAMANTINA,12773
PARAISO DO TOCANTINS,12772
RIBEIRAO,12771
BATURITE,12763
MARAU,12718
ARARANGUA,12709
GUAJARA-MIRIM,12683
CURURUPU,12674
APODI,12667
GIRAU DO PONCIANO,12665
SAO RAIMUNDO NONATO,12664
ALIANCA,12648
ALMENARA,12640
CURACA,12635
SAO JOAO DA BARRA,12615
SAO SEBASTIAO DO PARAISO,12607
ROSARIO,12599
PETROLANDIA,12582
SAO BORJA,12563
ANAPU,12549
CUSTODIA,12546
GURUPA,12538
SAO CAITANO,12537
SAO GABRIEL DA CACHOEIRA,12525
IRITUIA,12522
ITAPICURU,12497
JOAO CAMARA,12468
BREJO,12457
NOVA VENECIA,12430
SAO DOMINGOS DO MARANHAO,12429
RONDON DO PARA,12409
TELEMACO BORBA,12407
CATAGUASES,12372
RIACHO DE SANTANA,12338
PRUDENTOPOLIS,12330
MARATAIZES,12329
MOCOCA,12309
JUSSARA,12287
PENTECOSTE,12281
TUCUMA,12274
PIRASSUNUNGA,12265
INHAMBUPE,12264
ALTA FLORESTA,12263
CURRAIS NOVOS,12251
PARATI,12232
ALMEIRIM,12219
CAPAO BONITO,12209
NOVO HORIZONTE,12193
TAPEROA,12188
TRAMANDAI,12172
TOUROS,12170
FRUTAL,12165
IPIXUNA DO PARA,12148
CACHOEIRA,12125
LUIS CORREIA,12120
CABROBO,12117
PEDRO LEOPOLDO,12087
MASSAPE,12080
CEDRO,12074
PARATINGA,11998
CAMAMU,11992
AMARGOSA,11971
OEIRAS DO PARA,11951
JAGUARUANA,11946
UBAJARA,11946
SAO JOSE DO BELMONTE,11929
AMARANTE DO MARANHAO,11926
MIGUEL ALVES,11884
FLORESTA,11858
ITAPORANGA D'AJUDA,11829
BOITUVA,11818
CAREIRO,11808
PARACAMBI,11789
BARREIRINHA,11767
UNIAO DA VITORIA,11745
PORTO DE MOZ,11726
POCO REDONDO,11719
CANGUCU,11700
HIDROLANDIA,11694
CANAVIEIRAS,11656
TRACUATEUA,11650
SIRINHAEM,11647
BARRA DE SAO FRANCISCO,11640
CICERO DANTAS,11630
CARINHANHA,11615
PONTE NOVA,11595
ITARARE,11594
PORTEIRINHA,11569
PARAIPABA,11568
IRARA,11548
SANTANA DO ACARAU,11542
BENJAMIN CONSTANT,11540
ITAPIRA,11536
ITAPEMIRIM,11514
GOIAS,11512
MONTEIRO,11506
SAO JOSE DA TAPERA,11472
MORRO DO CHAPEU,11472
RIACHAO DO JACUIPE,11469
CRUZ ALTA,11467
SALINAS,11458
ROLANDIA,11456
JAIBA,11451
CONCORDIA DO PARA,11424
SAO DOMINGOS,11416
PONTES E LACERDA,11407
CARAUARI,11405
PORANGATU,11391
VITORINO FREIRE,11385
LIMOEIRO DO AJURU,11370
MUANA,11370
AQUIDAUANA,11315
FEIJO,11314
RUY BARBOSA,11300
VINHEDO,11238
SERTANIA,11217
MAIRINQUE,11212
VARGEM GRANDE PAULISTA,11205
PEDREIRAS,11203
JOAO PINHEIRO,11202
PIRANHAS,11192
COSMOPOLIS,11160
BORBA,11156
BOCA DO ACRE,11153
SAO DOMINGOS DO CAPIM,11152
LAGOA DA PRATA,11148
PORTO DA FOLHA,11147
IPORA,11142
CANINDE DE SAO FRANCISCO,11135
MUCURI,11129
LAJEADO,11082
PENALVA,11082
BATATAIS,11080
POJUCA,11078
OURILANDIA DO NORTE,11054
NOVA OLINDA,11028
URBANO SANTOS,11022
ESPERANCA,11005
INDEPENDENCIA,10996
CAPELINHA,10995
VITORIA DO MEARIM,10994
MIRASSOL,10982
IBITINGA,10979
TUPA,10969
CAMPOS DO JORDAO,10953
IPUBI,10946
PIRACURUCA,10944
BUJARU,10938
COCAL,10936
NAVIRAI,10921
SANTA RITA DE CASSIA,10915
CANGUARETAMA,10911
JAGUARIBE,10909
GARRAFAO DO NORTE,10900
NOVO ORIENTE,10892
PENAPOLIS,10866
AMPARO,10862
BELA CRUZ,10852
TRES PONTAS,10851
CACADOR,10845
EIRUNEPE,10829
ITUPEVA,10806
SANTO ANTONIO DO TAUA,10803
SIDROLANDIA,10799
ITABELA,10798
GANDU,10780
CORRENTINA,10779
SAO PEDRO,10766
MEDICILANDIA,10758
POMBAL,10755
TUNTUM,10752
PARNARAMA,10749
CAMPO ALEGRE DE LOURDES,10748
IGARAPE,10717
ITAPORANGA,10701
HUMBERTO DE CAMPOS,10697
SAO JOSE DO EGITO,10694
GUARATUBA,10693
APARECIDA,10680
ITABERAI,10675
PASSIRA,10664
PRESIDENTE TANCREDO NEVES,10654
MARAGOGI,10649
LAVRAS DA MANGABEIRA,10626
NAZARE,10617
BARAUNA,10584
CAMPO BELO,10576
BURITI,10575
SOLEDADE,10575
PRESIDENTE FIGUEIREDO,10572
FEIRA NOVA,10548
JAGUARARI,10542
MATOES,10541
SERRA DO RAMALHO,10528
CASIMIRO DE ABREU,10512
ESPLANADA,10504
SANTANA DO ARAGUAIA,10487
ANAJAS,10473
SANTA ROSA,10471
ESTREITO,10447
CAPIM GROSSO,10437
TABIRA,10436
MURITIBA,10434
JUINA,10398
MATINHOS,10389
PARIPIRANGA,10380
ELDORADO DOS CARAJAS,10376
PRADO,10373
SOBRADINHO,10373
RIO GRANDE DA SERRA,10338
MONTE CARMELO,10335
IBIPORA,10334
MANGARATIBA,10326
CURRALINHO,10317
LAGOA GRANDE,10311
RAPOSA,10283
PINHAO,10273
ANDRADINA,10272
CAMPINA GRANDE DO SUL,10271
LEOPOLDINA,10265
CANOINHAS,10259
OLIMPIA,10252
TAQUARITINGA,10246
CONDADO,10243
SANTA MARIA DE JETIBA,10241
ALAGOINHA,10231
MONTENEGRO,10216
ARRAIAL DO CABO,10216
AGUA BOA,10204
MARCO,10203
IMBITUBA,10199
MARAPANIM,10186
CARIRIACU,10181
LUZILANDIA,10180
SAO FRANCISCO DO SUL,10170
QUIJINGUE,10169
PARAMBU,10155
SAO BERNARDO,10154
TANGUA,10153
SAO BENTO DO SUL,10134
BRASILEIA,10118
SANTA MARIA DO PARA,10104
GASPAR,10092
CAETES,10086
ICARA,10085
BRASILIA DE MINAS,10084
LAPAO,10081
CRUZ,10076
CANDIDO SALES,10069
CARAZINHO,10065
NOVA ANDRADINA,10019
RORAINOPOLIS,10011
VACARIA,10001
SAO JOAO,10001
QUIRINOPOLIS,9998
CONCEICAO DO JACUIPE,9993
UAUA,9966
SAO GONCALO DOS CAMPOS,9965
PAROBE,9962
POMBOS,9953
IGACI,9950
SAO LUIS DO QUITUNDE,9926
TABULEIRO DO NORTE,9885
TAIOBEIRAS,9821
ALAGOA GRANDE,9821
BOM DESPACHO,9814
GLORIA DO GOITA,9801
PARAIBA DO SUL,9795
CORACAO DE MARIA,9791
NOVA ODESSA,9784
SOLANEA,9783
SALTO DE PIRAPORA,9777
SANTA QUITERIA DO MARANHAO,9775
MONCAO,9771
SAO FIDELIS,9740
NANUQUE,9740
URUACU,9714
OIAPOQUE,9709
ARAME,9697
PEDRAS DE FOGO,9696
ITAIBA,9676
CONFRESA,9674
LENCOIS PAULISTA,9644
MACHADINHO D'OESTE,9636
POCONE,9632
ESPINOSA,9628
SANTO ANTONIO DE PADUA,9622
GOIANESIA DO PARA,9612
SANTOS DUMONT,9589
ARARI,9589
NOVO PROGRESSO,9585
NOVA SOURE,9584
AMAMBAI,9584
ARAGUATINS,9572
CARUTAPERA,9566
NOVA RUSSAS,9558
CONGONHAS,9551
TAMBORIL,9543
JOAO ALFREDO,9543
ARTUR NOGUEIRA,9536
SAO JOAO DO PARAISO,9528
PEIXOTO DE AZEVEDO,9521
TIMBIRAS,9516
SAO DESIDERIO,9508
TAQUARA,9490
FILADELFIA,9485
SANTA HELENA DE GOIAS,9476
SAO MATEUS DO SUL,9471
NIQUELANDIA,9467
PINDARE-MIRIM,9466
CAPIVARI,9440
IACU,9437
PORTO CALVO,9430
CAMPO BOM,9422
OCARA,9413
CABREUVA,9409
RIO PARDO DE MINAS,9379
SAO LOURENCO,9376
COLINAS DO TOCANTINS,9375
ARACUAI,9369
ICATU,9366
TREMEMBE,9357
NOVA ESPERANCA DO PIRIA,9346
PORTO FELIZ,9323
IBIMIRIM,9313
SANTIAGO,9308
LAPA,9301
AURORA,9297
RUROPOLIS,9286
CASTRO ALVES,9284
SAO JOSE DO RIO PARDO,9281
SANTA CRUZ CABRALIA,9274
ALTO ALEGRE DO PINDARE,9263
NOSSA SENHORA DAS DORES,9259
OURO PRETO DO OESTE,9249
SERRANA,9245
SANTO ANTONIO DA PLATINA,9241
VENANCIO AIRES,9230
NISIA FLORESTA,9226
AFONSO CLAUDIO,9209
NOVA OLINDA DO NORTE,9205
NOVA MUTUM,9198
AGUA PRETA,9187
ANAJATUBA,9182
GUAXUPE,9162
POSSE,9161
MAFRA,9147
PARAGUACU PAULISTA,9144
SAO PAULO DE OLIVENCA,9141
CAMPOS SALES,9135
OLINDINA,9133
ARARUNA,9114
BOM JESUS DO ITABAPOANA,9108
PORTO FERREIRA,9096
WENCESLAU GUIMARAES,9091
SOCORRO,9083
BOQUIM,9062
CATOLE DO ROCHA,9060
BARREIRA,9059
PRIMAVERA,9037
ALCANTARA,9032
IRAQUARA,9030
BARRA DA ESTIVA,9011
MIGUEL CALMON,9002
PEDRO DO ROSARIO,8979
INAJA,8964
BANDEIRANTES,8953
LIMOEIRO DE ANADIA,8950
JARDINOPOLIS,8945
JUQUITIBA,8940
BOM JESUS DAS SELVAS,8936
MATINHA,8935
CANTAGALO,8926
NAZARE DA MATA,8922
RIO DO SUL,8908
SAO SEBASTIAO DA BOA VISTA,8896
RIACHO DAS ALMAS,8890
NOVO CRUZEIRO,8883
JALES,8877
DOMINGOS MARTINS,8867
TAQUARITINGA DO NORTE,8866
UMBAUBA,8850
CRAIBAS,8837
ITAMARANDIBA,8826
CORRENTE,8819
SANTA LUZIA DO PARA,8818
ROSARIO DO SUL,8816
JOAO DOURADO,8809
GARCA,8809
GOVERNADOR NUNES FREIRE,8794
PINDORETAMA,8792
AURORA DO PARA,8789
PALMITAL,8785
MAZAGAO,8772
RIO PRETO DA EVA,8769
IRAUCUBA,8762
ITUBERA,8762
PRESIDENTE EPITACIO,8753
COXIM,8753
JAGUARIUNA,8751
CARAUBAS,8745
CUPIRA,8736
PERITORO,8736
FEIRA GRANDE,8726
CAMPO VERDE,8708
SAO GERALDO DO ARAGUAIA,8694
IBOTIRAMA,8670
MARACAS,8659
VICENCIA,8658
LAJE,8655
OSORIO,8650
JAGUARE,8646
PEDRA,8635
MACAU,8621
BARRA DOS COQUEIROS,8620
JOAO LISBOA,8598
CANELA,8574
LAGOA SECA,8562
SANTO ANTONIO DO ICA,8548
SAO MIGUEL ARCANJO,8546
PITANGA,8541
SANTANA DO PARAISO,8530
PROPRIA,8523
ALTO ALEGRE DO MARANHAO,8519
PANELAS,8516
RIO BRANCO DO SUL,8516
FATIMA,8508
SAO GOTARDO,8502
PARANAIBA,8496
PONTA DE PEDRAS,8492
SALVATERRA,8491
ITACARE,8486
MURICI,8480
PAICANDU,8470
CORACAO DE JESUS,8469
BERURI,8462
BARRA VELHA,8455
ANAGE,8451
ITABIRITO,8438
VARZEA DA PALMA,8432
FARROUPILHA,8420
IGUAPE,8420
AGRESTINA,8413
ELDORADO DO SUL,8407
SITIO NOVO,8406
RIACHAO DAS NEVES,8405
JUNQUEIRO,8397
ASSARE,8390
COLNIZA,8386
SAO JOAO DOS PATOS,8386
MATEUS LEME,8373
VASSOURAS,8372
TEODORO SAMPAIO,8371
ALCOBACA,8364
SAO JOAO DA PONTE,8357
JACAREZINHO,8355
URUCUCA,8348
CACHOEIRA DO PIRIA,8347
TANHACU,8346
SANTO ANTONIO,8345
CONCORDIA,8345
ITAPARICA,8335
TUPANATINGA,8329
ANCHIETA,8323
TORRES,8318
ILHA DE ITAMARACA,8303
CAETE,8298
IGUAI,8297
IUNA,8285
JUCAS,8282
SAO LUIS DE MONTES BELOS,8281
CORNELIO PROCOPIO,8279
DOM PEDRO,8267
PAU DOS FERROS,8265
INDAIAL,8227
GUARANTA DO NORTE,8224
IBIAPINA,8218
MEDIANEIRA,8213
SOURE,8203
CASTELO,8198
BURITIRAMA,8196
PITANGUEIRAS,8191
VARGEM GRANDE DO SUL,8186
ARCOS,8162
CONCEICAO DA BARRA,8160
LAGUNA,8141
TERRA NOVA,8126
CHA GRANDE,8120
ULIANOPOLIS,8118
CARANGOLA,8118
FORMOSA DO RIO PRETO,8114
OROS,8100
SAO JOAO DE PIRABAS,8095
GUANHAES,8093
OLIVEIRA,8091
URUBURETAMA,8090
CAREIRO DA VARZEA,8078
POCO VERDE,8068
JATOBA,8065
PATY DO ALFERES,8063
PAO DE ACUCAR,8062
SAO JOAQUIM DA BARRA,8058
ITATIRA,8052
GOIATUBA,8049
MATOZINHOS,8040
BELO ORIENTE,8033
SAO DOMINGOS DO ARAGUAIA,8026
MELGACO,8022
RIACHAO,8012
CAMACAN,8012
BANANEIRAS,8012
PRESIDENTE MEDICI,8004
GOIANINHA,7995
AREIA,7986
MIRADOR,7980
ILHABELA,7979
GUAIUBA,7967
ANDRADAS,7951
BAIXO GUANDU,7946
BURITI BRAVO,7946
IBICARAI,7945
CRISOPOLIS,7941
MARIALVA,7933
ITAPISSUMA,7919
CANAPI,7907
ALEXANIA,7906
LARANJEIRAS,7902
ITAQUI,7898
CHOROZINHO,7896
SANTA CRUZ DO RIO PARDO,7891
PEDERNEIRAS,7890
MACHADO,7886
GAMELEIRA,7883
ESPIGAO D'OESTE,7882
DOM PEDRITO,7882
SENADOR GUIOMARD,7874
SENADOR POMPEU,7873
ALEGRE,7864
JUARA,7853
OLIVEIRA DOS BREJINHOS,7850
CANDEIAS DO JAMARI,7844
PONTAL DO PARANA,7841
MARACAJU,7837
VALENTE,7834
RIO TINTO,7832
AMELIA RODRIGUES,7822
MARI,7820
SAO LOURENCO DO SUL,7818
ALDEIAS ALTAS,7813
SAO GABRIEL DA PALHA,7811
BIRITIBA-MIRIM,7808
BELEM DE SAO FRANCISCO,7800
BOCA DA MATA,7788
CANHOTINHO,7786
IGREJA NOVA,7768
ALTINHO,7765
IBATIBA,7764
NOVA MAMORE,7762
JUREMA,7762
PARAIBANO,7758
ITINGA DO MARANHAO,7757
MARECHAL CANDIDO RONDON,7754
PIO XII,7753
BURITI DOS LOPES,7753
CAROLINA,7752
TRAIPU,7749
SANTO ANTONIO DA PATRULHA,7749
BARRA DO BUGRES,7744
SAO JOAQUIM DO MONTE,7740
PONTAL,7737
COREAU,7737
LOUVEIRA,7733
IGUABA GRANDE,7733
GUACUI,7724
PORTO REAL DO COLEGIO,7719
SAO JOAQUIM DE BICAS,7713
JUATUBA,7708
MACAPARANA,7693
ITAPURANGA,7682
ALHANDRA,7678
SANTA LUZIA DO PARUA,7675
ITAPERUCU,7674
ARACOIABA DA SERRA,7670
PAULISTANA,7666
MOJUI DOS CAMPOS,7665
CANDIDO MENDES,7659
DRACENA,7658
PALMAS DE MONTE ALTO,7657
BRUMADINHO,7643
MUTUIPE,7639
OUREM,7635
TAMANDARE,7630
PIMENTA BUENO,7622
SAO FELIPE,7613
TIJUCAS,7608
DOIS VIZINHOS,7607
URUCUI,7594
MONTE ALTO,7577
SANTA BARBARA DO PARA,7561
INHAPIM,7559
FORQUILHA,7544
ITURAMA,7544
BARRO ALTO,7539
ARARIPE,7536
RAFAEL JAMBEIRO,7532
PIRITIBA,7531
EXTREMA,7524
AMAPA,7514
MUTUM,7509
MIMOSO DO SUL,7502
MIRANDA,7502
CARIRA,7501
ICAPUI,7497
RIO PARDO,7496
BRASIL NOVO,7490
BEQUIMAO,7486
PAULO RAMOS,7469
BELA VISTA DE GOIAS,7466
QUEDAS DO IGUACU,7465
CODAJAS,7464
ESTANCIA VELHA,7460
ALEM PARAIBA,7454
FLORES,7453
JARINU,7445
SAO LUIS GONZAGA DO MARANHAO,7444
RIO BRILHANTE,7443
MATA GRANDE,7437
NEROPOLIS,7436
CUITE,7436
OROBO,7429
BELMONTE,7427
JAGUARIPE,7414
GUARAREMA,7407
POMPEU,7405
FONTE BOA,7399
BAGRE,7398
NHAMUNDA,7392
MATRIZ DE CAMARAGIBE,7383
MARAVILHA,7382
CANTO DO BURITI,7380
FLORESTA DO ARAGUAIA,7377
NOVA SANTA RITA,7377
JIJOCA DE JERICOACOARA,7376
MINACU,7359
PADRE BERNARDO,7358
PALMEIRA DAS MISSOES,7356
GUARIBA,7353
PEDREIRA,7352
PALMEIRANDIA,7347
TEOFILANDIA,7344
SANTA TEREZINHA,7336
TACARATU,7335
CACHOEIRA PAULISTA,7334
SAO MIGUEL,7333
ENCRUZILHADA,7329
CAMPESTRE,7325
BARRO,7322
AROEIRAS,7322
JAGUARIAIVA,7308
RIACHAO DO DANTAS,7295
CARACARAI,7288
CACAPAVA DO SUL,7273
VISCONDE DO RIO BRANCO,7271
PEDRA AZUL,7267
IATI,7259
ESPERA FELIZ,7252
COARACI,7247
JOSE BONIFACIO,7229
MEDEIROS NETO,7226
CAAPORA,7226
CURITIBANOS,7226
QUITERIANOPOLIS,7222
CAFARNAUM,7220
IRACEMA,7215
VERTENTES,7213
LARANJEIRAS DO SUL,7209
MINAS NOVAS,7209
APICUM-ACU,7208
CAJATI,7197
QUIPAPA,7185
SANHARO,7185
PALMEIRAS DE GOIAS,7176
SANTA RITA DO SAPUCAI,7171
CERQUILHO,7163
BREJINHO,7163
MATA ROMA,7162
SARZEDO,7153
MIRACEMA,7143
MANTENA,7141
TURILANDIA,7140
MULUNGU,7138
UBAIRA,7137
CIPO,7133
PALMEIRA,7126
CURIONOPOLIS,7126
CASTELO DO PIAUI,7122
CONCEICAO DA FEIRA,7111
PRESIDENTE SARNEY,7108
PIUMHI,7095
ITATIAIA,7094
PIRENOPOLIS,7081
IBITITA,7079
ITAMBACURI,7067
IBIRATAIA,7059
JOAQUIM GOMES,7053
AGUDOS,7051
PROMISSAO,7046
GUARATINGA,7033
CARIDADE,7033
PRATA,7032
SANTA FILOMENA,7031
PIACABUCU,7030
MANCIO LIMA,7027
SAO MANUEL,7026
CACHOEIRA DO ARARI,7021
SALGADO,7019
AFRANIO,7011
ITANHEM,7000
ITUVERAVA,6999
FRANCISCO SA,6993
TEJUCUOCA,6993
SAO JOSE DE PIRANHAS,6981
LAGOA DA CANOA,6974
MORROS,6957
SIMONESIA,6955
IBIRAPITANGA,6955
MAJOR ISIDORO,6954
TRIZIDELA DO VALE,6953
AMARAJI,6946
OLHO D'AGUA DAS CUNHAS,6938
BOA VISTA DO TUPIM,6937
XANXERE,6935
ABARE,6932
SAO CAETANO DE ODIVELAS,6931
PLACAS,6926
PENHA,6922
VARZELANDIA,6919
CAMOCIM DE SAO FELIX,6918
AIMORES,6912
SENADOR JOSE PORFIRIO,6910
JUTAI,6908
MANARI,6908
ELDORADO,6905
ECOPORANGA,6897
AGUAI,6896
ITAPOLIS,6895
ITAJUIPE,6892
ITUACU,6887
UNA,6886
BOM SUCESSO,6886
BURITIZEIRO,6885
GOVERNADOR MANGABEIRA,6884
ARAQUARI,6882
CARAVELAS,6878
CORONEL JOAO SA,6870
CROATA,6868
CAJARI,6868
PIO IX,6865
PONTO NOVO,6859
ALTA FLORESTA D'OESTE,6857
LAJINHA,6857
MIGUEL PEREIRA,6849
IMBITUVA,6839
MIRASSOL D'OESTE,6831
AQUIDABA,6828
BONFIM,6827
VALENCA DO PIAUI,6822
CARMO DO PARANAIBA,6821
SAO JOSE DA LAJE,6820
ITAPIUNA,6819
GOIOERE,6804
PINDOBACU,6784
RIO FORMOSO,6782
BAIXA GRANDE,6781
BELTERRA,6776
CAMPO NOVO DO PARECIS,6768
MASSARANDUBA,6766
BARRINHA,6766
IPERO,6765
IBATE,6763
BOQUIRA,6758
JAGUARETAMA,6755
MIRANDA DO NORTE,6750
OUROLANDIA,6736
OLHO D'AGUA DAS FLORES,6723
CONCEICAO,6715
PIRACAIA,6714
SAO SIMAO,6713
RESERVA,6712
JAICOS,6712
COCOS,6711
PIRES DO RIO,6710
PICUI,6708
ESPIRITO SANTO DO PINHAL,6707
UMIRIM,6707
PORTO FRANCO,6704
REGENERACAO,6698
SAPUCAIA,6697
SOORETAMA,6697
SAO BENEDITO DO RIO PRETO,6696
ANAPURUS,6691
MONTE AZUL,6690
IVAIPORA,6687
CAPOEIRAS,6677
PRESIDENTE VENCESLAU,6671
CAPISTRANO,6670
BOQUEIRAO,6669
JATAUBA,6660
SAO LUIZ GONZAGA,6658
APIAI,6652
SAO MIGUEL DO ARAGUAIA,6642
SAO JOAO DO PIAUI,6639
FARIAS BRITO,6637
MANHUMIRIM,6633
COLONIA LEOPOLDINA,6632
SAPEACU,6631
JEQUITINHONHA,6631
CRISTINAPOLIS,6629
CACULE,6627
SAO JOSE DO NORTE,6627
LAGOA DO ITAENGA,6622
BIRITINGA,6622
PRINCESA ISABEL,6602
SOUTO SOARES,6600
PORTO ACRE,6599
BELO CAMPO,6599
MAIRI,6595
PILAR DO SUL,6580
COLIDER,6568
IBAITI,6567
AGUAS FORMOSAS,6563
PASTOS BONS,6561
CUNHA,6558
NOVO ARIPUANA,6550
COROMANDEL,6550
SERRITA,6541
MANAQUIRI,6540
GUARAI,6526
ASSIS CHATEAUBRIAND,6521
PARAMIRIM,6499
BARRA BONITA,6491
CAPAO DO LEAO,6482
CANTANHEDE,6481
PEDRO CANARIO,6481
BARRA DE SANTO ANTONIO,6477
TAQUARANA,6475
PACARAIMA,6474
RIO NEGRO,6462
PINHEIROS,6458
TANGARA,6458
SILVA JARDIM,6458
PAULINO NEVES,6455
DIVINO,6450
INGA,6449
TURURU,6446
ITAPOROROCA,6445
VENTUROSA,6444
REMIGIO,6442
AMARANTE,6441
CHAVES,6436
CRAVINHOS,6430
IPIXUNA,6425
UTINGA,6425
TERRA SANTA,6425
CAMPO MAGRO,6422
JAGUARAO,6420
PASSAGEM FRANCA,6419
OURO FINO,6417
SAO MIGUEL DO TAPUIO,6416
ESPERANTINOPOLIS,6407
COCALZINHO DE GOIAS,6407
ORTIGUEIRA,6406
CARIRE,6405
CANUDOS,6397
APORA,6395
PADRE PARAISO,6387
SALITRE,6384
SAO JOSE DA COROA GRANDE,6373
QUIXERE,6371
OROCO,6367
CARNAIBA,6364
MARACACUME,6358
GUARAMIRIM,6354
TUPACIGUARA,6346
CAIRU,6346
MUCAJAI,6344
PORTO GRANDE,6342
MONSENHOR TABOSA,6332
ALAGOA NOVA,6323
SAO JOAO DO SOTER,6322
CONCHAL,6321
BARAO DE GRAJAU,6319
TREMEDAL,6311
ORLANDIA,6308
SALINAS DA MARGARIDA,6307
FORMOSA DA SERRA NEGRA,6307
PIRAI,6300
URUCURITUBA,6297
CARAI,6295
RERIUTABA,6295
TOCANTINOPOLIS,6291
CAJUEIRO,6281
CRUZ DO ESPIRITO SANTO,6279
PORTAO,6277
SAO FRANCISCO DO PARA,6276
MANDIRITUBA,6274
BACURI,6270
JUCURUTU,6262
TIETE,6257
TAVARES,6252
CONSELHEIRO PENA,6248
CABACEIRAS DO PARAGUACU,6245
ALTO ALEGRE,6233
QUISSAMA,6232
BELA VISTA,6227
PIATA,6223
BOM JESUS DO TOCANTINS,6218
SERRA DOURADA,6215
MANDAGUARI,6213
NATIVIDADE,6209
JACIARA,6203
CUMARU,6202
PARELHAS,6200
POCAO DE PEDRAS,6183
PIRAPEMAS,6173
EPITACIOLANDIA,6160
ANASTACIO,6156
SANTA FE DO SUL,6153
INHAPI,6147
MADRE DE DEUS,6146
SANTANA DO CARIRI,6145
ARACAGI,6145
PITIMBU,6143
CAMPOS GERAIS,6130
IPAMERI,6126
CORRENTES,6104
PIUMA,6104
POCINHOS,6099
IBICOARA,6099
CONCEICAO DE MACABU,6098
MONTE ALEGRE DE SERGIPE,6081
CANDIDO MOTA,6075
CARIUS,6071
TRES MARIAS,6063
GRAMADO,6059
PIRACANJUBA,6055
GAROPABA,6053
CORINTO,6053
CAARAPO,6050
MADALENA,6040
TAPEJARA,6033
BARROQUINHA,6030
RAUL SOARES,6026
TANQUE NOVO,6024
MIRACATU,6024
SANTA VITORIA DO PALMAR,6024
RANCHARIA,6022
MIRANGABA,6021
IBIPEBA,6021
SAO PAULO DO POTENGI,6021
MEDINA,6021
AMERICO BRASILIENSE,6021
VIDEIRA,6015
SANTA CECILIA,6011
MANGA,6010
JANDAIRA,6008
SANTA MARIA DAS BARREIRAS,6005
MATIPO,6004
SOMBRIO,5998
TAPAUA,5986
SUME,5973
CAMPO DO BRITO,5961
UBAITABA,5956
BARCELOS,5953
ITORORO,5937
PITANGUI,5935
RIO NEGRINHO,5930
CAMBUI,5921
GONCALVES DIAS,5921
CHARQUEADAS,5914
ESTRELA DE ALAGOAS,5914
SANTO ANTONIO DO MONTE,5907
SANTA MARGARIDA,5904
ADUSTINA,5891
RIBEIRA DO AMPARO,5889
JUAZEIRINHO,5885
IMBE,5881
CONDEUBA,5880
PAUINI,5871
NEPOMUCENO,5868
VARJOTA,5861
CACIMBA DE DENTRO,5860
SAO JOAO DO RIO DO PEIXE,5855
ALTO PARAISO,5837
CEDRAL,5835
PANAMBI,5834
CAFELANDIA,5831
CENTRO NOVO DO MARANHAO,5829
BANABUIU,5814
CONCEICAO DO ALMEIDA,5806
TONANTINS,5806
SERRA PRETA,5805
NOVA ESPERANCA,5803
FREI MIGUELINHO,5794
ITAOCARA,5791
MARECHAL THAUMATURGO,5791
PIRAJU,5784
LAGOA DO CARRO,5784
MORRO AGUDO,5775
SAO MIGUEL DO GUAPORE,5773
BOA NOVA,5769
FORTUNA,5767
NEOPOLIS,5765
PINHALZINHO,5760
CANTA,5756
SANTA MARIA DO CAMBUCA,5755
RIO MARIA,5752
BARAO DE COCAIS,5748
TURMALINA,5743
MONTANHA,5734
CAMPOS BELOS,5726
PORTO UNIAO,5725
RIBEIROPOLIS,5720
AMERICA DOURADA,5716
CANAPOLIS,5708
JAPARATUBA,5704
QUIXELO,5699
INDIAROBA,5697
BOA VISTA DO RAMOS,5695
IGREJINHA,5692
SATIRO DIAS,5681
ITAETE,5672
ITAPOA,5670
PORTEIRAS,5666
UIBAI,5660
COREMAS,5658
JACARAU,5655
AGUA FRIA,5655
XAPURI,5651
MONTE SIAO,5650
CONCEICAO DAS ALAGOAS,5648
MARAA,5648
IPANEMA,5648
FORTIM,5647
BARIRI,5645
ENVIRA,5643
ITAI,5643
JACAREACANGA,5637
ITATIM,5637
JUPI,5635
TEIXEIRA,5633
BOM JESUS DOS PERDOES,5630
MACARANI,5629
LAGOA NOVA,5628
MALHADA,5625
URUCARA,5622
ENCRUZILHADA DO SUL,5619
PIRAI DO SUL,5617
SAO JOSE DA LAPA,5617
PARAOPEBA,5615
SAO FRANCISCO DE PAULA,5611
TANABI,5604
ACAJUTIBA,5601
CARANDAI,5600
DEMERVAL LOBAO,5593
CENTRAL,5592
LAGOA DOS GATOS,5588
CARNAUBAL,5582
MANOEL VITORINO,5580
RIACHUELO,5578
GOVERNADOR EDISON LOBAO,5567
SAO RAIMUNDO DAS MANGABEIRAS,5558
JAPOATA,5556
ITAOBIM,5555
JOAQUIM PIRES,5538
TAQUARITUBA,5537
ERVALIA,5532
CANDELARIA,5523
ARIPUANA,5522
CORIBE,5519
CERRO AZUL,5517
SUMIDOURO,5507
UBATA,5502
TRAIRAO,5498
GUARARAPES,5495
RIBEIRAO BRANCO,5483
GLORIA,5482
TURVO,5478
SAO MIGUEL DO IGUACU,5475
ARINOS,5473
ELOI MENDES,5472
CARACOL,5467
APARECIDA DO TABOADO,5460
JIQUIRICA,5455
CARLOS CHAGAS,5453
CONCEICAO DO MATO DENTRO,5450
SERRA NEGRA,5450
FORMOSO DO ARAGUAIA,5450
CAMPOS NOVOS,5446
JOSELANDIA,5443
SALOA,5435
SANTA BRIGIDA,5434
PINHEIRAL,5430
PANCAS,5418
TEOLANDIA,5416
BURI,5415
MIRINZAL,5413
MARUIM,5408
JITAUNA,5405
ANORI,5396
RODRIGUES ALVES,5394
VENDA NOVA DO IMIGRANTE,5383
LAGO VERDE,5381
ARAGARCAS,5377
ARAPOTI,5375
BARROCAS,5374
MIRACEMA DO TOCANTINS,5372
SANTA CRUZ DAS PALMEIRAS,5372
BUERAREMA,5369
OSVALDO CRUZ,5368
ITARANTIM,5367
SENADOR LA ROCQUE,5366
NOVA CANAA,5363
PRESIDENTE JUSCELINO,5363
ALVARES MACHADO,5362
LAMBARI,5356
RIO DAS PEDRAS,5354
SAUBARA,5345
AIUABA,5344
ADAMANTINA,5343
FRAIBURGO,5342
SATUBA,5341
SAO JOAO DO ARAGUAIA,5331
CAMANDUCAIA,5330
SAO JOAO NEPOMUCENO,5320
ANDORINHA,5319
BACABEIRA,5317
INHUMA,5317
NOVA OLINDA DO MARANHAO,5315
MALACACHETA,5313
CONCEICAO DO LAGO-ACU,5312
APUIARES,5304
CALDEIRAO GRANDE,5299
PE DE SERRA,5294
SAO JOSE DO VALE DO RIO PRETO,5290
BATAGUASSU,5288
MULUNGU DO MORRO,5285
OLINDA NOVA DO MARANHAO,5284
IVINHEMA,5279
SAO GABRIEL DO OESTE,5279
BARRA DE SAO MIGUEL,5273
SANTA TERESA,5263
AUGUSTINOPOLIS,5262
GUAJARA,5261
ARACATU,5261
CLAUDIO,5258
CURUA,5255
JACUTINGA,5253
COSTA RICA,5251
URANDI,5248
JARDIM DE PIRANHAS,5246
MUNIZ FREIRE,5241
PALOTINA,5240
ALVARAES,5238
ANGICAL,5236
CHAPADA DOS GUIMARAES,5235
BAIANOPOLIS,5230
ANDARAI,5217
BARRA DO MENDES,5214
PEREIRO,5213
GRACA,5211
JENIPAPO DOS VIEIRAS,5207
DESCALVADO,5203
RIO BANANAL,5203
SAO PEDRO DO PIAUI,5199
ASTORGA,5197
SERRO,5196
ANADIA,5190
IGAPORA,5187
CUJUBIM,5186
NOVA XAVANTINA,5184
GOVERNADOR EUGENIO BARROS,5183
NOVO AIRAO,5178
BARROSO,5176
DOIS CORREGOS,5175
ARAGUANA,5174
VARZEA DA ROCA,5173
UMBURANAS,5171
GUAPO,5171
ABAETE,5171
JOAQUIM NABUCO,5170
CASINHAS,5170
SANTA LUZIA DO ITANHY,5164
FREI PAULO,5160
MUZAMBINHO,5158
MANDAGUACU,5158
RIO DO ANTONIO,5155
BALNEARIO PICARRAS,5151
MARTINOPOLIS,5148
TIBAGI,5148
CAPELA DO ALTO,5143
GUAPIARA,5143
TAPIRAMUTA,5139
IBICUI,5135
CAJURU,5128
MOGEIRO,5125
ANTONINA,5124
SOLONOPOLE,5118
PINDAI,5110
SANTA TERESINHA,5110
CAMBARA,5110
NOVA OLIMPIA,5108
TERRA ROXA,5108
SABOEIRO,5107
QUARAI,5106
NOVA TIMBOTEUA,5106
ACARAPE,5101
BRODOWSKI,5098
PRIMEIRA CRUZ,5097
VARZEA NOVA,5095
VITORIA DO JARI,5090
PEDRO ALEXANDRE,5089
MAGALHAES DE ALMEIDA,5089
ITAPETIM,5082
PIQUET CARNEIRO,5079
WENCESLAU BRAZ,5077
PEREIRA BARRETO,5070
BARRA DE SANTA ROSA,5063
SAO FELIX DO CORIBE,5057
PARANATAMA,5054
FRECHEIRINHA,5051
PALMEIRAIS,5049
ALTO LONGA,5048
URUOCA,5042
BOM JESUS DE GOIAS,5042
PEDRA PRETA,5041
BOM JESUS DO GALHO,5025
SANTA TEREZINHA DE ITAIPU,5021
IBATEGUARA,5020
ROSARIO OESTE,5010
IBITIARA,5009
ITAPACI,5008
AGUA AZUL DO NORTE,5003
PRESIDENTE KENNEDY,4993
POTIM,4993
PIANCO,4993
ANICUNS,4987
PORTO BELO,4987
MIRANDIBA,4985
IGARACU DO TIETE,4985
ALTO SANTO,4983
ITAGIBA,4981
ITAGI,4976
LARANJAL PAULISTA,4973
PARANA,4970
NOVA BRASILANDIA D'OESTE,4969
SANTO ANTONIO DOS LOPES,4968
SAO GONCALO DO SAPUCAI,4960
TIBAU DO SUL,4958
TACAIMBO,4958
PLACIDO DE CASTRO,4954
DORMENTES,4953
LAGOA VERMELHA,4952
CHAPADAO DO SUL,4950
ITACARAMBI,4948
COTEGIPE,4948
CRISTOPOLIS,4948
TOMAR DO GERU,4946
BOMBINHAS,4946
TERRA ALTA,4945
BREJO DO CRUZ,4945
SERRANO DO MARANHAO,4942
CHAVAL,4942
TUPANCIRETA,4941
IBARETAMA,4935
SAO JERONIMO,4935
VARGEM ALTA,4932
POCO DAS TRINCHEIRAS,4930
ITABERA,4929
SAO MIGUEL DO OESTE,4919
CASA BRANCA,4917
SAO TOME,4914
RUBIATABA,4913
JABORANDI,4912
ACREUNA,4911
MILHA,4900
RETIROLANDIA,4900
VILA RICA,4899
FATIMA DO SUL,4896
ACRELANDIA,4892
NILO PECANHA,4891
TAGUATINGA,4888
CARMOPOLIS,4887
CIDELANDIA,4884
SILVANIA,4881
SITIO DO QUINTO,4881
CERES,4878
GUAMARE,4877
SANTO ANTONIO DO LEVERGER,4876
CAXAMBU,4874
CANUTAMA,4873
PECANHA,4864
JOAIMA,4861
GURINHEM,4852
JUQUIA,4851
NOVA FATIMA,4850
ANGATUBA,4845
NAZARE PAULISTA,4844
BONINAL,4832
DIANOPOLIS,4831
UBIRATA,4831
IBIPITANGA,4830
BUENOS AIRES,4826
ARATUBA,4824
JABOTICATUBAS,4821
NOVA ALVORADA DO SUL,4820
FORTALEZA DOS NOGUEIRAS,4820
PARANATINGA,4815
LADAINHA,4810
SERROLANDIA,4800
CAETANOS,4800
RIO BONITO DO IGUACU,4792
CORONEL SAPUCAIA,4791
FREDERICO WESTPHALEN,4786
MESSIAS,4781
PARIPUEIRA,4777
PONTALINA,4776
IRUPI,4775
SIMOES,4775
APUI,4773
MONTALVANIA,4773
IBICUITINGA,4772
ARACARIGUAMA,4765
ITAQUITINGA,4764
COMODORO,4760
MANTENOPOLIS,4760
AGUA DOCE DO MARANHAO,4759
COLARES,4757
SITIO DO MATO,4752
ITAPIRANGA,4751
PIRAPOZINHO,4751
PIRAPORA DO BOM JESUS,4748
MORRETES,4742
AVELINO LOPES,4742
AURELINO LEAL,4740
CRUZ MACHADO,4733
QUATIPURU,4731
CORTES,4727
MALHADOR,4722
MERUOCA,4720
PEDRO VELHO,4720
SAO SEPE,4718
COLORADO,4715
ILHA SOLTEIRA,4710
BAEPENDI,4708
BURITIRANA,4706
XEXEU,4706
SAO LUIS DO CURU,4699
BORBOREMA,4697
LAGOA DO OURO,4693
SANTO AMARO DO MARANHAO,4692
ENGENHEIRO COELHO,4692
SAO JOAO EVANGELISTA,4688
SAO FRANCISCO DO GUAPORE,4683
IBIA,4680
CANDIBA,4678
SENADOR RUI PALMEIRA,4670
ALPINOPOLIS,4670
RIO VERDE DE MATO GROSSO,4667
JACARACI,4665
IGARAPAVA,4665
SANTA ROSA DE VITERBO,4664
MONTE APRAZIVEL,4664
BUTIA,4657
IPECAETA,4655
ITAQUIRAI,4646
QUERENCIA,4632
SAO FRANCISCO DO MARANHAO,4629
MONTE ALEGRE DE MINAS,4627
GARARU,4627
TIMBO,4625
CORDEIRO,4622
FUNDAO,4620
TRACUNHAEM,4620
ARROIO GRANDE,4619
LUCENA,4615
PORCIUNCULA,4612
ITAGUACU DA BAHIA,4611
PRESIDENTE JANIO QUADROS,4611
LADARIO,4610
AVEIRO,4607
DAVINOPOLIS,4601
RESPLENDOR,4601
PERI MIRIM,4599
VILA VALERIO,4589
QUITANDINHA,4586
CHA DE ALEGRIA,4577
CARMO DO RIO CLARO,4575
PORTO,4575
ITAIPAVA DO GRAJAU,4573
BAMBUI,4566
NOVA IPIXUNA,4565
SAPEZAL,4552
SERRA BRANCA,4552
PARIQUERA-ACU,4547
QUEBRANGULO,4546
BREJOES,4543
RIO DE CONTAS,4540
IGARAPE DO MEIO,4539
UIRAUNA,4536
CRUZEIRO DO OESTE,4534
TIJUCAS DO SUL,4533
NORDESTINA,4531
HELIOPOLIS,4527
SACRAMENTO,4519
PUXINANA,4519
CASSILANDIA,4510
PORTO REAL,4510
DIAMANTINO,4509
AGUA DOCE DO NORTE,4502
WANDERLEY,4502
IGRAPIUNA,4499
BOM LUGAR,4498
CAPITAO DE CAMPOS,4498
MIRANDOPOLIS,4496
IPANGUACU,4493
SANTANA DO MATOS,4491
UPANEMA,4490
POXOREO,4487
TARTARUGALZINHO,4484
SAO JOAQUIM,4482
GENERAL CARNEIRO,4481
GUIMARAES,4475
CARNAUBEIRA DA PENHA,4474
OLIVENCA,4466
POCO BRANCO,4462
FAXINAL,4461
CARMO,4459
ALEXANDRIA,4452
MIRAIMA,4447
NOVA VENEZA,4442
BARRA DE GUABIRABA,4439
LOANDA,4439
ITINGA,4432
BANZAE,4430
ITAPECERICA,4430
PASSA E FICA,4429
MOREILANDIA,4429
POTE,4427
SANTO ANTONIO DE POSSE,4427
POCAO,4426
ANTAS,4419
SANTO AMARO DA IMPERATRIZ,4419
MUQUEM DE SAO FRANCISCO,4416
MARIBONDO,4414
TAQUARI,4413
ELESBAO VELOSO,4412
MASCOTE,4406
RIBAS DO RIO PARDO,4406
BETANIA,4401
CARMO DO CAJURU,4397
SERRA DO MEL,4397
SALESOPOLIS,4396
MIGUELOPOLIS,4391
ASSIS BRASIL,4379
PORANGA,4376
ROSANA,4374
ARES,4369
SIMPLICIO MENDES,4369
PASSO DE CAMARAGIBE,4368
COSTA MARQUES,4365
ANDIRA,4363
MARTINOPOLE,4359
LAGOA REAL,4348
ABADIA DE GOIAS,4345
MATO VERDE,4341
AGUAS VERMELHAS,4337
IGUARACI,4337
AXIXA DO TOCANTINS,4335
IPABA,4330
CACONDE,4327
IPAUMIRIM,4326
MUCAMBO,4323
PATU,4320
RIO DO FOGO,4317
GOIANAPOLIS,4307
SANTA RITA DO PASSA QUATRO,4306
TAIPU,4303
ATALEIA,4302
SAO JOAO DO CARU,4302
DOM BASILIO,4293
CASTILHO,4292
BRACO DO NORTE,4291
CARAMBEI,4289
PARAMOTI,4288
QUATRO BARRAS,4287
ARACAS,4285
NOBRES,4285
PICARRA,4284
SANTO ANTONIO DO AMPARO,4283
SANTA ISABEL DO RIO NEGRO,4271
GOVERNADOR DIX-SEPT ROSADO,4266
PARAGUACU,4261
SAO SEBASTIAO DO CAI,4257
URUANA,4253
LAGOA GRANDE DO MARANHAO,4252
FORMOSO,4250
FORQUILHINHA,4248
SANTA VITORIA,4246
MACHADOS,4246
SANTO AMARO DAS BROTAS,4246
MONTE SANTO DE MINAS,4240
CAMBUCI,4235
SAIRE,4234
PARAISOPOLIS,4233
SAO JOAO DO MANHUACU,4233
VITORIA DO XINGU,4227
ILHA COMPRIDA,4225
BURITAMA,4220
IELMO MARINHO,4216
BAIXA GRANDE DO RIBEIRO,4210
ANGICOS,4208
FAGUNDES,4207
SAO JOSE DO CAMPESTRE,4207
CAPITAO ENEAS,4205
SABINOPOLIS,4201
SANTANA DO MUNDAU,4199
BELEM DE MARIA,4197
ITIRUCU,4196
LICINIO DE ALMEIDA,4195
SAO JOSE DOS QUATRO MARCOS,4194
LIMA CAMPOS,4193
MANSIDAO,4192
ALVORADA D'OESTE,4192
CEREJEIRAS,4191
ANTONIO CARDOSO,4189
SAO LOURENCO DA SERRA,4188
SANTO ANTONIO DO SUDOESTE,4186
BREJETUBA,4177
PARAIBUNA,4176
TARUMIRIM,4176
PIRANGA,4175
PERDOES,4174
MIRABELA,4172
SIQUEIRA CAMPOS,4167
LAGOA FORMOSA,4164
ITAIPE,4159
CAIAPONIA,4149
MONTANHAS,4144
IPAPORANGA,4138
SALGADO DE SAO FELIX,4134
REBOUCAS,4130
MENDES,4129
BROTAS,4127
CAAPIRANGA,4126
ARARA,4126
FLEXEIRAS,4124
CHORO,4123
PILOES,4114
UARINI,4114
BOTUPORA,4108
FRONTEIRAS,4103
MIRANTE DO PARANAPANEMA,4102
BELA VISTA DO MARANHAO,4100
SUCUPIRA DO NORTE,4093
SAO FRANCISCO DE ASSIS,4088
NINA RODRIGUES,4087
CAEM,4087
PAPANDUVA,4083
BITURUNA,4081
DARIO MEIRA,4081
PIMENTEIRAS,4079
PAU D'ARCO,4077
ITAINOPOLIS,4075
ANTONIO CARLOS,4074
ALTO DO RODRIGUES,4071
JANDAIA DO SUL,4069
ATALAIA DO NORTE,4065
TAMBAU,4062
CANDIDO DE ABREU,4059
CHOPINZINHO,4057
DUQUE BACELAR,4053
MIRANORTE,4050
VALPARAISO,4047
ARAUA,4046
PIRATINI,4045
BENEDITINOS,4045
JUCATI,4043
MARECHAL FLORIANO,4043
MATUPA,4041
ITAIOPOLIS,4041
CORDEIROPOLIS,4040
CONTENDA,4038
BADY BASSITT,4028
LIMA DUARTE,4024
ANAMA,4024
MUQUI,4019
PALESTINA,4019
ALTONIA,4017
CURIMATA,4014
CARMOPOLIS DE MINAS,4013
CAMPO GRANDE (EX-AUGUSTO SEVERO),4012
MATINA,4010
SERIDO,4002
BROTAS DE MACAUBAS,3998
GUARA,3996
JAPURA,3990
CRUZILIA,3990
MANOEL URBANO,3990
CERQUEIRA CESAR,3990
SANTA CRUZ DA BAIXA VERDE,3988
PACOTI,3986
JULIO DE CASTILHOS,3981
LAGOA DO MATO,3979
AXIXA,3978
LAGOA SALGADA,3977
MACAJUBA,3976
SAUDE,3974
CORONEL VIVIDA,3974
ARARENDA,3965
MATIAS OLIMPIO,3965
PARANAPANEMA,3962
SAO FELIX,3961
JACUPIRANGA,3954
SAO JOAO DAS MISSOES,3948
ELIAS FAUSTO,3944
PRESIDENTE BERNARDES,3943
GOIATINS,3942
FERNANDO FALCAO,3941
TABOCAS DO BREJO VELHO,3941
CASSIA,3933
NOVA ERA,3932
PAU BRASIL,3930
CRIXAS,3929
BUJARI,3928
SAO MIGUEL DAS MATAS,3925
CACIMBINHAS,3924
CHORROCHO,3921
SENGES,3918
CIDREIRA,3917
PENDENCIAS,3916
RIO POMBA,3916
MARCIONILIO SOUZA,3913
CAPINZAL DO NORTE,3908
PARNAGUA,3897
PENAFORTE,3892
CHAPADA GAUCHA,3888
PIRAJUI,3885
RODELAS,3883
PRESIDENTE OLEGARIO,3883
NOVA FLORESTA,3881
XAXIM,3877
UBAPORANGA,3877
ABADIANIA,3872
GENTIO DO OURO,3872
PEDRA BRANCA DO AMAPARI,3871
NOVO LINO,3871
NAZARIA,3869
CAMPESTRE DO MARANHAO,3869
NOSSA SENHORA DOS REMEDIOS,3868
BREJAO,3867
SANTA GERTRUDES,3866
BRASILANDIA DE MINAS,3860
ABELARDO LUZ,3853
SAO DOMINGOS DO PRATA,3851
INHANGAPI,3851
CLEVELANDIA,3850
MARAIAL,3850
ANTONIO GONCALVES,3850
IRAMAIA,3849
SANTA MARIA DO SUACUI,3846
PALMACIA,3845
DONA INES,3843
ITATINGA,3843
ITAJA,3834
CAMPINA VERDE,3829
CAJAPIO,3827
SAO JOAO DO TRIUNFO,3823
NIOAQUE,3821
JEQUIA DA PRAIA,3821
CARNAUBAIS,3821
SAO JOSE DO JACUIPE,3818
CAMPO REDONDO,3818
CRISTINO CASTRO,3811
CANDOI,3810
ITAGUACU,3809
MUCUGE,3808
BOM JESUS DA SERRA,3806
SANTO ANTONIO DO JACINTO,3802
MOITA BONITA,3801
NOVA GRANADA,3796
XANGRI-LA,3794
CAPELA DO ALTO ALEGRE,3792
ABAIARA,3790
PALMEIRAS,3789
GUAPIACU,3788
MANAIRA,3786
POCO FUNDO,3783
COITE DO NOIA,3782
JAGUARUNA,3782
MARIO CAMPOS,3782
ANGELIM,3782
AGUAS DE LINDOIA,3781
GRAO MOGOL,3778
MARCOLANDIA,3769
BORDA DA MATA,3767
SETE BARRAS,3766
CAPIXABA,3764
TERENOS,3760
TOCANTINS,3759
IVAI,3759
RIACHINHO,3757
ARATUIPE,3757
MONSENHOR GIL,3757
LENCOIS,3757
POTIRAGUA,3756
IGARAPE GRANDE,3754
MONTE ALEGRE DO PIAUI,3748
AFONSO BEZERRA,3746
VAZANTE,3744
CAROEBE,3735
SANTO ANASTACIO,3734
BOM REPOUSO,3732
TRES COROAS,3732
IMACULADA,3731
INDIARA,3729
VIRGEM DA LAPA,3724
ITATUBA,3724
SAO SEBASTIAO DE LAGOA DE ROCA,3722
ARAMARI,3710
MANGUEIRINHA,3709
CATANDUVAS,3708
GILBUES,3708
COLORADO DO OESTE,3704
SAO JOSE DO DIVINO,3702
PRESIDENTE VARGAS,3700
CAMPANHA,3700
SIGEFREDO PACHECO,3695
ALTO ARAGUAIA,3694
CALCOENE,3693
PORTO FIRME,3687
CARLOPOLIS,3686
CAPIVARI DE BAIXO,3685
SAO JOSE DO RIO CLARO,3681
ITAUEIRA,3675
DOIS RIACHOS,3675
ALTO RIO DOCE,3672
MONTE NEGRO,3671
UMARIZAL,3668
GUARACIABA,3667
SAO PEDRO DA AGUA BRANCA,3663
IUIU,3663
TENENTE ANANIAS,3656
GROAIRAS,3646
RIO VERMELHO,3644
UBAI,3644
ARAPUTANGA,3642
CURIUVA,3642
ALTEROSA,3633
BRASOPOLIS,3629
SAO MIGUEL DO GOSTOSO,3629
SERINGUEIRAS,3627
CACHOEIRA GRANDE,3622
CABECEIRAS DO PIAUI,3620
VARZEDO,3618
BRANQUINHA,3616
SILVES,3614
NOVA RESENDE,3608
CESARIO LANGE,3608
CATUNDA,3608
LAGOA DA CONFUSAO,3607
PARICONHA,3606
LUZ,3605
ESTRELA,3603
JAGUARIBARA,3599
CERRO CORA,3599
TRES BARRAS,3593
PANORAMA,3592
FERREIROS,3590
BRASNORTE,3588
PARANHOS,3587
CALCADO,3587
CARAPEBUS,3583
CAMPINORTE,3583
ILHA GRANDE,3577
NORMANDIA,3573
NOVA BANDEIRANTES,3572
ARAGOIANIA,3571
SALGADINHO,3569
IACIARA,3568
RIBEIRAO DO PINHAL,3567
PIRIPA,3565
CAMPINAPOLIS,3565
GUADALUPE,3562
CARDOSO MOREIRA,3561
SENADOR ALEXANDRE COSTA,3558
MORTUGABA,3557
FELIXLANDIA,3548
IRACEMAPOLIS,3546
ORIZONA,3545
DIVISOPOLIS,3543
CENTRO DO GUILHERME,3542
REDENCAO DO GURGUEIA,3538
PRADOPOLIS,3537
REGENTE FEIJO,3536
ITALVA,3535
MONTE AZUL PAULISTA,3531
XAMBIOA,3530
FLORES DE GOIAS,3527
ALVINOPOLIS,3524
MOZARLANDIA,3524
SAO MIGUEL DO TOCANTINS,3523
PAPAGAIOS,3522
ITAMARATI,3515
JAQUEIRA,3515
GADO BRAVO,3507
SAO JOAO DO ARRAIAL,3506
LORETO,3505
GUARANESIA,3503
JUNQUEIROPOLIS,3503
ITANHOMI,3502
TAPES,3502
BOTELHOS,3497
DOM FELICIANO,3494
BOCAINA,3492
AREAL,3490
SAO SEBASTIAO DO UATUMA,3490
ABRE CAMPO,3490
POMPEIA,3484
QUIXABEIRA,3482
TRES DE MAIO,3482
IBITIRAMA,3477
PEDRO AFONSO,3474
FARO,3473
CANANEIA,3473
BONITO DE SANTA FE,3467
SANTA TEREZINHA DE GOIAS,3467
PIEDADE DE CARATINGA,3465
LARANJAL,3462
JACINTO,3462
FERVEDOURO,3461
MARANHAOZINHO,3459
SAO PEDRO DO SUL,3455
SERRA CAIADA (EX-PRESIDENTE JUSCELINO),3455
PONTO DOS VOLANTES,3449
MARIA DA FE,3448
ENTRE RIOS DE MINAS,3447
NOVO TRIUNFO,3446
AMATURA,3441
MONTES ALTOS,3439
SAO BENEDITO DO SUL,3438
PASSA QUATRO,3437
NOVA UNIAO,3436
TERRA RICA,3431
DESTERRO,3425
CATARINA,3424
ALUMINIO,3424
IPIRANGA DO PIAUI,3421
FLORES DA CUNHA,3419
VILA BELA DA SANTISSIMA TRINDADE,3418
LAMARAO,3416
CAICARA,3415
ASSAI,3415
PUREZA,3412
ITAPEBI,3411
ICARAI DE MINAS,3411
TEUTONIA,3410
ALCANTARAS,3410
IPIRANGA,3409
ACARI,3408
SAO LOURENCO DO OESTE,3403
BALNEARIO PINHAL,3402
MAXARANGUAPE,3402
LUIS DOMINGUES,3401
VIANOPOLIS,3401
POTIRENDABA,3399
GOVERNADOR ARCHER,3398
COLINA,3398
JURIPIRANGA,3398
ANISIO DE ABREU,3396
MANOEL RIBAS,3391
CORBELIA,3388
CARNEIROS,3385
CAMPINA DA LAGOA,3383
JURUA,3379
CARAIBAS,3376
CARDEAL DA SILVA,3376
DOIS IRMAOS,3373
JUCURUCU,3373
BELA VISTA DO PARAISO,3373
DOM INOCENCIO,3373
ALTO PARNAIBA,3371
ITUPORANGA,3369
JEQUERI,3368
PORTO WALTER,3368
SANTANOPOLIS,3368
ITAPE,3368
GOVERNADOR NEWTON BELLO,3366
ILHA DAS FLORES,3366
MIRANTE,3361
JOAO NEIVA,3360
AGUA CLARA,3357
LUIS GOMES,3354
BARRACAO,3353
NOVO ORIENTE DE MINAS,3351
CENTRAL DO MARANHAO,3350
IPUPIARA,3348
MARCACAO,3348
FRONTEIRA,3346
GUARACI,3344
ITAPORA,3344
CAMAPUA,3342
REALEZA,3341
JURU,3337
LAGO DO JUNCO,3336
BASTOS,3335
IBIASSUCE,3331
CONCHAS,3329
RIACHO DOS CAVALOS,3327
LUCELIA,3320
PIRPIRITUBA,3320
LAJES,3319
SEVERINIA,3316
SETUBINHA,3315
ALTO PARANA,3314
JARDIM DO SERIDO,3309
SANTAREM NOVO,3309
GARUVA,3308
LAGOA ALEGRE,3308
MIRANTE DA SERRA,3301
PEDREGULHO,3300
URUPA,3295
ALTINOPOLIS,3295
ALTO ALEGRE DOS PARECIS,3294
CONCEICAO DO CASTELO,3294
RIO DO PIRES,3293
RIO AZUL,3292
MAMBORE,3292
ITABIRINHA,3291
CACHOEIRA DOS INDIOS,3284
ARRAIAS,3283
NOSSA SENHORA APARECIDA,3281
CAPINOPOLIS,3277
NOSSA SENHORA DO LIVRAMENTO,3274
OLHO D'AGUA DO CASADO,3269
MORPARA,3267
LARANJA DA TERRA,3266
MATOES DO NORTE,3261
GIRUA,3261
MATA VERDE,3260
IGUATEMI,3260
BAIA DA TRAICAO,3258
GODOFREDO VIANA,3257
PALMARES DO SUL,3245
ARATACA,3244
SERTANOPOLIS,3243
BOCAIUVA DO SUL,3240
SANTA BRANCA,3232
RIO PIRACICABA,3231
SENHORA DOS REMEDIOS,3226
ITARIRI,3225
AMPERE,3218
GROSSOS,3216
TRES PASSOS,3214
SAO JOAO D'ALIANCA,3213
JAPONVAR,3210
RIO PARANAIBA,3209
ROSARIO DO CATETE,3207
PALHANO,3204
ALFREDO CHAVES,3203
JANUARIO CICCO,3202
JAPARATINGA,3202
PIRAMBU,3199
ENGENHEIRO PAULO DE FRONTIN,3198
BREJO DE AREIA,3197
BREJOLANDIA,3197
JOACABA,3195
FARTURA,3187
GARIBALDI,3187
PEDRINHAS,3186
NINHEIRA,3185
SEBASTIAO LARANJEIRAS,3184
CHARQUEADA,3182
PINTADAS,3182
CUMARU DO NORTE,3182
FLORESTA AZUL,3181
MARCELANDIA,3176
CALDAS,3171
QUATIS,3170
CANDEAL,3170
RESTINGA SECA,3164
ITAJOBI,3163
TUPARETAMA,3160
VARRE-SAI,3159
JACANA,3159
ERICO CARDOSO,3157
BONITO DE MINAS,3154
VIRADOURO,3153
CONCEICAO DO RIO VERDE,3153
UIRAMUTA,3151
ITAMONTE,3148
EDEIA,3145
AGUDO,3145
MARTINHO CAMPOS,3145
QUIXABA,3143
ANANAS,3142
ISAIAS COELHO,3142
GUAPE,3136
RIBEIRAO DO LARGO,3130
LONTRA,3129
ARROIO DOS RATOS,3129
LAGO DOS RODRIGUES,3122
DIONISIO CERQUEIRA,3119
CAPITAO LEONIDAS MARQUES,3118
GUABIRUBA,3116
MORAUJO,3113
ROLANTE,3112
LAGOA DOURADA,3111
CACU,3110
CAPUTIRA,3109
BALNEARIO ARROIO DO SILVA,3105
NOVA CRIXAS,3101
JERONIMO MONTEIRO,3098
ABAIRA,3097
TERRA BOA,3097
POTENGI,3095
PORTO DE PEDRAS,3095
ANGUERA,3092
MAIQUINIQUE,3091
DOURADINA,3088
VILA NOVA DOS MARTIRIOS,3087
PEABIRU,3084
MAGALHAES BARATA,3083
INACIO MARTINS,3077
MONTE BELO,3075
CAMBUQUIRA,3074
MARMELEIRO,3073
RIO CASCA,3072
SONORA,3069
DOIS IRMAOS DO BURITI,3068
FLORANIA,3066
PEIXE-BOI,3065
SOBRADO,3065
WANDERLANDIA,3064
SANTA CRUZ DO ARARI,3060
VERTENTE DO LERIO,3059
SAO MIGUEL DOS MILAGRES,3058
CAMPO LARGO DO PIAUI,3057
URUCUIA,3056
SAO RAFAEL,3051
CHAPADA DO NORTE,3051
SANTANA DO MARANHAO,3050
ENGENHEIRO CALDAS,3049
DEPUTADO IRAPUAN PINHEIRO,3047
PIRAI DO NORTE,3046
MARCELINO VIEIRA,3044
COROACI,3043
OURICANGAS,3043
ORLEANS,3042
ILICINEA,3038
TACIMA,3037
CAMPOS ALTOS,3036
PIRES FERREIRA,3036
NOVA ITARANA,3032
TANQUINHO,3031
ANDRELANDIA,3030
UMBUZEIRO,3029
BREJO GRANDE,3026
TACURU,3023
WAGNER,3022
BALNEARIO GAIVOTA,3016
SITIO NOVO DO TOCANTINS,3015
ANTONINA DO NORTE,3015
GUARAQUECABA,3013
SANTA LEOPOLDINA,3012
CACHOEIRA DE PAJEU,3009
LAJEDO DO TABOCAL,3009
SANTA MARIA DO OESTE,3006
JARDIM ALEGRE,3005
BURITI DOS MONTES,3002
MARA ROSA,3000
COTRIGUACU,2999
POCRANE,2996
LAGOA DE PEDRAS,2993
CAMPO DO MEIO,2992
DUAS BARRAS,2992
GRANITO,2984
PIQUETE,2974
BOA VISTA DO GURUPI,2971
IMBAU,2969
AGUIA BRANCA,2968
FREI INOCENCIO,2964
CORREIA PINTO,2964
FEIRA NOVA DO MARANHAO,2964
SANTANA DO MANHUACU,2962
CACEQUI,2960
BICAS,2959
SAO JOSE DO CALCADO,2959
CAMPO NOVO DE RONDONIA,2959
IBIRAPUA,2954
MONTEIROPOLIS,2954
DEODAPOLIS,2953
SAO JERONIMO DA SERRA,2952
PALMEIRINA,2951
FLORESTOPOLIS,2951
LAGOA DE DENTRO,2950
BOA HORA,2948
JUAREZ TAVORA,2947
SAO LUIS DO PARAITINGA,2945
CATUJI,2945
MATARACA,2944
MATIAS BARBOSA,2941
ESTIVA,2941
PINHEIRO MACHADO,2940
SAO SEBASTIAO DO MARANHAO,2939
MONSENHOR HIPOLITO,2937
ICONHA,2937
PARANAITA,2935
NOVA LARANJEIRAS,2935
MUNIZ FERREIRA,2935
PERDIZES,2934
GOVERNADOR CELSO RAMOS,2934
RAPOSOS,2932
IAPU,2932
SATUBINHA,2930
ESPIRITO SANTO,2928
MOREIRA SALES,2927
MONTE CASTELO,2926
PEDRAS DE MARIA DA CRUZ,2922
BERILO,2920
NOVA HARTZ,2918
BAIA FORMOSA,2918
CUBATI,2916
CATURAMA,2916
JATAIZINHO,2910
VALENTIM GENTIL,2910
PATROCINIO PAULISTA,2909
ASSUNCAO DO PIAUI,2907
JOANOPOLIS,2907
RIBEIRAO CASCALHEIRA,2906
NAZAREZINHO,2905
DORES DO INDAIA,2901
VARZEA DO POCO,2900
ITAMARI,2899
RUBIM,2896
BARBOSA FERRAZ,2895
TEIXEIRAS,2894
TARUMA,2894
PEDRA BONITA,2889
PORTO ALEGRE DO NORTE,2887
AMAJARI,2887
BALNEARIO BARRA DO SUL,2886
MALHADA DE PEDRAS,2885
MARAJA DO SENA,2881
SANTANA DO SAO FRANCISCO,2880
MORRO DA FUMACA,2878
SANTA BARBARA DO LESTE,2874
NATUBA,2871
JUNDIA,2869
PORTO MURTINHO,2868
ITANHANDU,2866
APERIBE,2865
MARILANDIA,2858
AFONSO CUNHA,2856
NOVA CANAA DO NORTE,2852
ITAQUARA,2852
GUIA LOPES DA LAGUNA,2849
CAMUTANGA,2849
TARRAFAS,2847
APUAREMA,2846
BRASILEIRA,2846
POMERODE,2845
JORDANIA,2843
PALESTINA DO PARA,2842
FRANCISCO SANTOS,2838
ITAU DE MINAS,2837
JORDAO,2834
BOM JARDIM DE GOIAS,2834
AREADO,2824
MACURURE,2823
BALSA NOVA,2820
COLUNA,2820
BELAGUA,2820
CONGONHAL,2819
SANTA JULIANA,2819
VERDEJANTE,2819
SERRA DO SALITRE,2818
IBIRUBA,2816
BARRA DE SANTANA,2815
QUERENCIA DO NORTE,2814
NAZARE DO PIAUI,2814
ALAGOINHA DO PIAUI,2814
CARMO DE MINAS,2813
SAO FRANCISCO DO BREJAO,2811
MOSTARDAS,2810
JAPI,2809
BOA ESPERANCA DO SUL,2808
GENERAL SAMPAIO,2804
CAPINZAL,2801
HERVAL D'OESTE,2799
BELEM DO BREJO DO CRUZ,2797
ALTO RIO NOVO,2797
GOVERNADOR LINDENBERG,2794
MURICI DOS PORTELAS,2791
IGARATA,2789
RIALMA,2788
NOVA PRATA,2783
VIRGINOPOLIS,2782
JAPORA,2781
PEDRO DE TOLEDO,2778
PORTO ESPERIDIAO,2777
PIRAPETINGA,2772
ABEL FIGUEIREDO,2772
IMBE DE MINAS,2770
CAVALCANTE,2770
MARTINS SOARES,2767
QUEIMADA NOVA,2767
CORONEL MURTA,2766
IPUA,2760
SIRIRI,2754
CUITE DE MAMANGUAPE,2753
MINEIROS DO TIETE,2752
GOVERNADOR JORGE TEIXEIRA,2751
IBIRACU,2750
ORIZANIA,2747
BUENO BRANDAO,2747
EUGENOPOLIS,2746
COLONIA DO PIAUI,2746
ALTO PARAISO DE GOIAS,2745
ALTANEIRA,2744
CASSERENGUE,2743
ANGICAL DO PIAUI,2743
NOVA REDENCAO,2742
RONCADOR,2741
PEDRALVA,2741
MILAGRES DO MARANHAO,2739
ITAUBAL,2737
SENADOR SA,2737
ENGENHEIRO BELTRAO,2732
CRUZETA,2732
SAO SEBASTIAO DO ANTA,2731
MADEIRO,2729
IRETAMA,2729
ITATIAIUCU,2728
MACATUBA,2727
IBIRAJUBA,2724
PADRE MARCOS,2723
ANTONIO JOAO,2723
SAO JOAO DO ORIENTE,2722
ITAGUARA,2722
NOVA AURORA,2722
CORUMBA DE GOIAS,2721
CURRAL DE DENTRO,2717
LAJEADO NOVO,2716
DURANDE,2715
GUARANIACU,2715
MERCES,2715
RIACHO DOS MACHADOS,2714
MORUNGABA,2714
ITARANA,2714
LIVRAMENTO,2712
MATELANDIA,2712
BELO MONTE,2711
IPAUSSU,2709
MARILUZ,2708
SANTO AUGUSTO,2708
SAO BENTO DO SAPUCAI,2707
MARACAI,2703
ACAUA,2701
MACAMBIRA,2700
SAO DOMINGOS DO AZEITAO,2700
CORDEIROS,2698
AURIFLAMA,2694
BONFINOPOLIS,2691
MATIAS CARDOSO,2691
ELISIO MEDRADO,2688
NOVA PONTE,2687
CACIMBAS,2686
TRES BARRAS DO PARANA,2686
PLANALTINO,2686
PARAUNA,2686
BETANIA DO PIAUI,2684
VIRGINIA,2683
CABO VERDE,2682
ANTONIO MARTINS,2680
AGUDOS DO SUL,2680
CAJUEIRO DA PRAIA,2677
CARDOSO,2677
SAO MAMEDE,2674
SALTO DO JACUI,2672
MALLET,2672
GUAPORE,2672
TEIXEIRA SOARES,2670
GUAREI,2668
TASSO FRAGOSO,2667
GOUVEIA,2663
UMARI,2662
MAETINGA,2662
GUIRATINGA,2661
IPUIUNA,2660
SERICITA,2656
ILHOTA,2652
OURO VERDE DE MINAS,2647
VILA PAVAO,2646
TRAJANO DE MORAIS,2646
FERROS,2644
CHAVANTES,2641
BARRA DO RIBEIRO,2640
SAO MIGUEL DE TAIPU,2639
DIRCEU ARCOVERDE,2638
GRACHO CARDOSO,2634
SAO JOSE DOS BASILIOS,2633
COMERCINHO,2631
ALTO GARCAS,2631
MONTIVIDIU,2630
SETE QUEDAS,2629
CONCEICAO DA APARECIDA,2629
PEIXE,2626
SANTA MARIANA,2625
PERDIGAO,2620
SAO ROQUE DO CANAA,2619
URUPES,2615
FONTOURA XAVIER,2614
SAO ROMAO,2613
COCAL DOS ALVES,2611
OTACILIO COSTA,2610
VARZEA,2610
AMAPA DO MARANHAO,2600
BATAYPORA,2600
SANTO ANTONIO DO RETIRO,2599
RIO NOVO DO SUL,2593
CARLINDA,2590
MIRADOURO,2586
ANGELANDIA,2583
TERRA NOVA DO NORTE,2582
CERRO GRANDE DO SUL,2582
GOVERNADOR LUIZ ROCHA,2580
BREJO GRANDE DO ARAGUAIA,2579
LEBON REGIS,2578
COLONIA DO GURGUEIA,2576
BRASILANDIA,2574
PEDRAO,2573
DIVINOLANDIA DE MINAS,2573
SANTA ADELIA,2573
AREIAL,2573
VALE DO ANARI,2572
DIVINOLANDIA,2568
CARMO DA CACHOEIRA,2568
SENADOR ELOI DE SOUZA,2564
COLMEIA,2563
JUSSIAPE,2563
IRINEOPOLIS,2561
ACUCENA,2560
URUSSANGA,2555
CRISTALANDIA DO PIAUI,2554
LUIS ANTONIO,2553
JATI,2549
PAULO JACINTO,2548
MURIBECA,2547
URAI,2547
MIRAI,2546
ITANAGRA,2545
NONOAI,2541
GONGOGI,2541
PRUDENTE DE MORAIS,2540
CALUMBI,2540
TEREZINHA,2539
SAO JOSE DA VITORIA,2539
SANTA TEREZA DO OESTE,2536
ASTOLFO DUTRA,2536
REDENTORA,2534
OURO VERDE,2532
RIO GRANDE DO PIAUI,2530
THEOBROMA,2530
MARTINS,2527
NOVA GLORIA,2527
GUAJERU,2527
ITAPUA DO OESTE,2526
JUSCIMEIRA,2524
SANTO ANTONIO DAS MISSOES,2524
SERRA AZUL,2524
BOM PRINCIPIO DO PIAUI,2523
NOVA CAMPINA,2522
FELIZ NATAL,2522
SAO JOAO DA SERRA,2520
RESENDE COSTA,2520
TAPURAH,2520
PORTO RICO DO MARANHAO,2519
SALTO DO LONTRA,2519
SAO BRAS,2517
VERANOPOLIS,2517
SAO JOSE DA LAGOA TAPADA,2516
JEQUITAI,2514
JERICO,2511
BABACULANDIA,2509
PIRATININGA,2499
RIBAMAR FIQUENE,2499
TENENTE PORTELA,2498
ITAICABA,2497
LAGOA D'ANTA,2496
HORIZONTINA,2495
ESPUMOSO,2495
IBIRA,2489
PORTALEGRE,2486
ALVORADA DO NORTE,2483
ARROIO DO SAL,2482
JAGUAPITA,2482
BANANAL,2481
OLHO D'AGUA,2481
ANGELICA,2481
PETROLINA DE GOIAS,2480
SAO JOAO DA PONTA,2478
RIBEIRAO CLARO,2474
BOM JESUS DO NORTE,2474
BARRO DURO,2474
PORECATU,2473
PALMOPOLIS,2473
CAMALAU,2468
SAO MARCOS,2465
BOQUEIRAO DO PIAUI,2465
SAO FELIX DO ARAGUAIA,2464
ITAPITANGA,2464
IBIAI,2461
PINDORAMA,2460
BUENOPOLIS,2460
BARROS CASSAL,2459
TAPIRAI,2458
QUATA,2456
SAO JOAO DO IVAI,2456
PIRAUBA,2455
PEROLA,2454
ITIQUIRA,2453
ARAL MOREIRA,2450
JUNCO DO SERIDO,2446
CAMPO LIMPO DE GOIAS,2445
SAO GONCALO DO RIO ABAIXO,2443
ROSEIRA,2442
CLAUDIA,2442
ROTEIRO,2441
MAMBAI,2438
DIAMANTE,2438
NOVA LONDRINA,2437
CONEGO MARINHO,2437
SAO JOSE DO PIAUI,2437
FIRMINOPOLIS,2434
CUITEGI,2433
IMARUI,2433
DUARTINA,2432
SAO TIAGO,2429
MACHACALIS,2428
CAMPOS LINDOS,2426
CAETANOPOLIS,2425
SAO DOMINGOS DO NORTE,2421
PARAPUA,2420
DOM EXPEDITO LOPES,2418
TAMARANA,2417
TERRA DE AREIA,2412
LUISBURGO,2410
SAO FRANCISCO DE ASSIS DO PIAUI,2409
SANTA FILOMENA DO MARANHAO,2407
ATILIO VIVACQUA,2406
MAURILANDIA,2405
CRISTINA,2404
EUCLIDES DA CUNHA PAULISTA,2403
GRACA ARANHA,2403
CLARO DOS POCOES,2402
PIEN,2402
MORRO DO CHAPEU DO PIAUI,2400
ITIRAPINA,2400
CONCEICAO DOS OUROS,2398
MATUREIA,2396
MAUA DA SERRA,2395
MILTON BRANDAO,2394
PINTOPOLIS,2393
PASSO DE TORRES,2389
CENTENARIO DO SUL,2388
AVANHANDAVA,2386
ALTO PIQUIRI,2386
PEDRA LAVRADA,2385
TAIO,2383
ITAMOGI,2381
PAVAO,2380
NOVO HORIZONTE DO OESTE,2380
FEIRA DA MATA,2375
VARGEM,2374
VEREDA,2373
ARAPONGA,2373
IBIRACI,2372
ITAGIMIRIM,2369
BURITI DO TOCANTINS,2368
JAURU,2366
POUSO REDONDO,2363
FELISBURGO,2362
ALMAS,2361
DOUTOR SEVERIANO,2360
FELIPE GUERRA,2359
BOFETE,2359
TAPIRATIBA,2359
CARMO DA MATA,2357
ARENAPOLIS,2357
NOSSA SENHORA DE LOURDES,2356
APIACA,2352
MAR DE ESPANHA,2352
CHALE,2347
PONTO BELO,2346
CARBONITA,2345
MARIZOPOLIS,2341
SANTANA DOS GARROTES,2340
JURUAIA,2337
FERREIRA GOMES,2336
CHA PRETA,2335
MASSAPE DO PIAUI,2334
JACOBINA DO PIAUI,2333
SEVERIANO MELO,2329
PARANACITY,2324
CACHOEIRA DE MINAS,2323
INDAIABIRA,2323
CRISTAIS,2322
LUISLANDIA,2321
CANDIOTA,2320
VERDELANDIA,2315
BURITI ALEGRE,2312
JANGADA,2312
GETULIO VARGAS,2312
SAO SEBASTIAO DO ALTO,2311
ITAPIRAPUA,2310
TAPIRA,2307
TUPI PAULISTA,2307
IACANGA,2306
SAO JOAO DA BALIZA,2305
BARAO DE MELGACO,2304
TABAPUA,2303
SAO JULIAO,2301
IRAJUBA,2297
PANTANO GRANDE,2296
ITAPAGIPE,2296
SANTA HELENA DE MINAS,2295
GEMINIANO,2293
TAGUAI,2293
CARAUBAS DO PIAUI,2293
GLORIA DE DOURADOS,2293
VENTANIA,2292
ARNEIROZ,2289
SANTA FE,2289
CURRAL DE CIMA,2288
JURUENA,2287
NOVO ORIENTE DO PIAUI,2285
CANELINHA,2284
BONFIM DO PIAUI,2283
ITACAJA,2283
SANTA LUZIA DO NORTE,2282
SERRA REDONDA,2281
PLANURA,2280
SAO JOAO DO JAGUARIBE,2280
CACHOEIRA ALTA,2280
SAO RAIMUNDO DO DOCA BEZERRA,2280
PACUJA,2280
CONGONHINHAS,2277
BARRO PRETO,2275
BALDIM,2274
PAULA CANDIDO,2274
CRISTALIA,2272
NOVA PETROPOLIS,2271
CARLOS BARBOSA,2271
LAGOA DE SAO FRANCISCO,2269
VERA,2268
GUAICARA,2267
PRAIA NORTE,2264
CAPIM,2264
PORTO XAVIER,2264
PRIMEIRO DE MAIO,2263
COQUEIRAL,2263
CAMPO GRANDE DO PIAUI,2262
GUAMIRANGA,2261
PEDRO AVELINO,2260
OLHO D'AGUA GRANDE,2257
ALPERCATA,2257
CENTRALINA,2252
AROAZES,2251
SAO LUIZ,2249
CABECEIRAS,2246
SCHROEDER,2246
CALDAS BRANDAO,2246
SERRA NEGRA DO NORTE,2246
SAO ROBERTO,2244
RECREIO,2243
TEREZOPOLIS DE GOIAS,2243
BERNARDINO DE CAMPOS,2243
BREJO DOS SANTOS,2243
FARTURA DO PIAUI,2239
TUMIRITINGA,2238
COCAL DO SUL,2236
ENGENHEIRO NAVARRO,2235
IVOTI,2235
CARIDADE DO PIAUI,2232
SENADOR AMARAL,2231
MONTE ALEGRE DE GOIAS,2231
SAO GONCALO DO PARA,2228
DIVISA ALEGRE,2228
TUFILANDIA,2228
NOVA UBIRATA,2227
CORUPA,2226
SANTA CRUZ DO PIAUI,2224
FRANCISCO BADARO,2223
RIO ACIMA,2223
TOCANTINIA,2220
SAO JOSE DOS RAMOS,2219
JOAQUIM TAVORA,2216
SANTA LUCIA,2216
CORDISBURGO,2213
ALTO JEQUITIBA,2212
BOM JESUS DO ARAGUAIA,2210
CALDEIRAO GRANDE DO PIAUI,2209
ANTONIO DIAS,2206
TABAPORA,2205
TENENTE LAURENTINO CRUZ,2204
SANANDUVA,2203
ARUANA,2203
ALTAMIRA DO MARANHAO,2202
ENCANTADO,2199
MARILANDIA DO SUL,2196
CENTRAL DE MINAS,2196
INDIANOPOLIS,2195
APIACAS,2193
NOVA PORTEIRINHA,2193
VICENTINOPOLIS,2190
ITAUCU,2189
SANTA LUZ,2188
ITAPEJARA D'OESTE,2186
ARAGUAPAZ,2185
ITAPUI,2185
RIBEIRO GONCALVES,2184
EQUADOR,2183
LAJE DO MURIAE,2183
JACARE DOS HOMENS,2182
CACHOEIRA DOURADA,2182
SIMOLANDIA,2182
BARRA DO TURVO,2182
MALTA,2181
CAMPINAS DO PIAUI,2181
LEOPOLDO DE BULHOES,2179
SAO FRANCISCO DO PIAUI,2179
ICHU,2178
TANQUE D'ARCA,2177
POTIRETAMA,2176
SANTA IZABEL DO OESTE,2176
VARZEA BRANCA,2176
CAXINGO,2175
GENERAL SALGADO,2175
TOMBOS,2173
PALMITOS,2172
SERRA DE SAO BENTO,2171
CAATIBA,2170
VALE DO SOL,2170
BELA VISTA DE MINAS,2169
NAZARIO,2169
PALMEIROPOLIS,2169
SAO SEBASTIAO DA AMOREIRA,2167
SANTANA DE PIRAPAMA,2163
NOVO SANTO ANTONIO,2162
SERRA DOS AIMORES,2159
SANTANA DA BOA VISTA,2158
PONTE ALTA DO TOCANTINS,2157
CIDADE GAUCHA,2157
JACUIPE,2154
JOCA MARQUES,2154
OUROESTE,2153
IGARACY,2153
SANTA CRUZ DE MONTE CASTELO,2153
SEBERI,2151
ARROIO DO TIGRE,2150
SAO JOSE DE CAIANA,2150
SANTA MARIA DE ITABIRA,2148
FIGUEIRA,2146
QUELUZ,2143
SUSSUAPARA,2143
RIO DAS FLORES,2141
HERCULANDIA,2140
PORANGABA,2136
GUIMARANIA,2135
PIMENTA,2134
BAIXIO,2132
VALE DO PARAISO,2131
SANTA MARIA MADALENA,2130
CARNAUBA DOS DANTAS,2130
CAPELA DE SANTANA,2127
RIBEIRAO BONITO,2127
SALTO GRANDE,2126
VARGEM ALEGRE,2125
DELFIM MOREIRA,2124
NOVA IBIA,2123
IBIRAMA,2123
DIVINOPOLIS DO TOCANTINS,2122
SAO THOME DAS LETRAS,2122
ARAGUACU,2121
CORONEL EZEQUIEL,2119
ANTONIO OLINTO,2118
JUVENILIA,2116
IBIRACATU,2115
SARAPUI,2115
URUCANIA,2114
CEZARINA,2113
DORES DO RIO PRETO,2110
JUAZEIRO DO PIAUI,2105
IGARATINGA,2100
PATOS DO PIAUI,2097
CAPIM BRANCO,2097
JOSE DA PENHA,2094
JARAMATAIA,2093
DELTA,2093
NAO-ME-TOQUE,2091
NAZARENO,2088
MAMONAS,2088
MISSAL,2087
NOVA PRATA DO IGUACU,2084
LANDRI SALES,2081
MONTADAS,2081
CAMPO ALEGRE DO FIDALGO,2080
CURRAL NOVO DO PIAUI,2080
ALMADINA,2079
GOIOXIM,2078
CONGO,2078
PILOEZINHOS,2078
REDUTO,2077
CAMPO DO TENENTE,2075
CHUPINGUAIA,2074
PARAISO DO NORTE,2072
SAO JOAO DA FRONTEIRA,2071
ITAIPULANDIA,2071
RINCAO,2071
SALTINHO,2069
BERTOLINIA,2068
CRISTAL,2064
BALNEARIO RINCAO,2064
ALTO PARAGUAI,2063
PEDRO OSORIO,2063
ANITA GARIBALDI,2061
PARANAIGUARA,2061
ALTO CAPARAO,2061
AGRICOLANDIA,2060
ACORIZAL,2059
JULIO BORGES,2059
RIOLANDIA,2059
MOEMA,2058
IBIARA,2058
SAO JOSE DO JACURI,2057
ICARAIMA,2054
SAO MIGUEL DO ANTA,2054
CERRO LARGO,2053
SAO JOSE DE UBA,2052
SANTA RITA DE CALDAS,2049
SANTA ROSA DO PURUS,2048
RUBELITA,2044
LAGOA DO SITIO,2044
PORTO DO MANGUE,2041
BODOQUENA,2040
FLORIDA PAULISTA,2039
BOA VENTURA,2037
FREI GASPAR,2035
DOIS IRMAOS DO TOCANTINS,2033
SARDOA,2030
CRISTALANDIA,2030
SAO JOSE DO CERRITO,2030
CHAPADAO DO CEU,2029
PERIQUITO,2029
ALVORADA DO GURGUEIA,2026
BARRA DO CHAPEU,2023
ALVORADA DO SUL,2022
MUNHOZ,2020
DOVERLANDIA,2018
CUTIAS,2017
ITAU,2017
SANTA RITA DO ITUETO,2015
DOM AQUINO,2014
DORES DE CAMPOS,2013
GETULINA,2013
NHANDEARA,2011
URUBICI,2009
JUNCO DO MARANHAO,2009
ITAJU DO COLONIA,2008
MONTES CLAROS DE GOIAS,2005
JUSSARI,2005
FAINA,2005
ERERE,2004
TIRADENTES,2004
SAO JOSE DO CEDRO,2003
SAO LOURENCO DO PIAUI,1999
DAMIAO,1999
CARMO DO RIO VERDE,1995
LASSANCE,1994
COCAL DE TELHA,1994
CAICARA DO NORTE,1993
RIBEIRAO GRANDE,1993
PARAZINHO,1990
NOVO MUNDO,1990
GUARAMIRANGA,1989
CAJOBI,1987
SOBRALIA,1987
JATOBA DO PIAUI,1986
MONTEZUMA,1984
CONCEICAO DO CANINDE,1984
SANTO ANTONIO DE LISBOA,1983
PACAEMBU,1981
PALMEIRA D'OESTE,1979
BENEDITO LEITE,1978
BACURITUBA,1977
SALES OLIVEIRA,1975
SANTO ANTONIO DE GOIAS,1974
COMENDADOR LEVY GASPARIAN,1970
SANTA LUZIA D'OESTE,1969
SAO SEBASTIAO DA GRAMA,1967
AREIOPOLIS,1966
ENCANTO,1965
NAQUE,1963
GONZAGA,1962
INCONFIDENTES,1961
BELO VALE,1960
MANDURI,1960
PIRANGUINHO,1960
CASTANHEIRA,1959
CHUI,1959
SAO DOMINGOS DAS DORES,1958
SANTO ANTONIO DO PINHAL,1956
LAJES PINTADAS,1955
MINISTRO ANDREAZZA,1953
BOA VISTA DA APARECIDA,1953
ARVOREZINHA,1951
SALTO DA DIVISA,1951
MENDES PIMENTEL,1950
LAURO MULLER,1950
PAULICEIA,1949
MARAVILHAS,1947
BALSAMO,1946
MAJOR VIEIRA,1945
COIMBRA,1944
PONTE SERRADA,1944
CIPOTANEA,1943
NEVES PAULISTA,1939
CAPITOLIO,1934
PIRANGI,1934
OLHOS-D'AGUA,1931
RIO NOVO,1929
MACUCO,1925
JAGUARI,1925
CAPITAO GERVASIO OLIVEIRA,1923
ALFREDO WAGNER,1921
ITUETA,1919
URANIA,1918
JERUMENHA,1916
MONSENHOR PAULO,1914
GAVIAO,1914
SANCLERLANDIA,1913
PASSAGEM,1913
BOTUMIRIM,1911
MINADOR DO NEGRAO,1911
GUARIBAS,1911
BERNARDO DO MEARIM,1908
BARRA DO ROCHA,1907
TRES CACHOEIRAS,1907
SAO JOSE DA BELA VISTA,1906
CRISOLITA,1904
ALCANTIL,1902
UCHOA,1900
JENIPAPO DE MINAS,1899
TUNEIRAS DO OESTE,1898
CURRAIS,1898
SERRANIA,1895
ALMINO AFONSO,1894
SENADOR FIRMINO,1893
CORUMBIARA,1893
SAO GERALDO,1892
GRANDES RIOS,1890
NOVA COLINAS,1889
ARROIO DO MEIO,1886
SAO JOAO DO SABUGI,1881
GALILEIA,1880
TOMAZINA,1880
CORONEL JOSE DIAS,1878
SANTA ROSA DO PIAUI,1877
SAO BRAZ DO PIAUI,1877
BENTO FERNANDES,1874
PEDRO REGIS,1874
NOVA MONTE VERDE,1871
SANTA CRUZ DE MINAS,1871
CALIFORNIA,1870
MONTE DO CARMO,1869
CAPARAO,1869
SUCUPIRA DO RIACHAO,1868
NOSSA SENHORA DE NAZARE,1868
BORRAZOPOLIS,1868
SOLIDAO,1868
ALTO TAQUARI,1865
CATURITE,1865
GOIANORTE,1864
JACINTO MACHADO,1862
SAO PEDRO DO IVAI,1862
PRESIDENTE GETULIO,1862
MANOEL EMIDIO,1860
PINHALAO,1858
COSMORAMA,1856
GUARANI,1855
SANTA ROSA DO SUL,1854
SERRARIA,1853
RINOPOLIS,1848
RESERVA DO IGUACU,1848
PEDRO GOMES,1847
CATUTI,1846
CAMBIRA,1844
ENTRE FOLHAS,1842
ITAGUATINS,1839
SIDEROPOLIS,1838
SANTA FE DO ARAGUAIA,1838
GUIRICEMA,1836
SANGAO,1836
QUATIGUA,1835
SAO VICENTE DO SUL,1834
SAO FRANCISCO DE GOIAS,1833
PALMEIRAS DO TOCANTINS,1830
AGUIAR,1830
JUTI,1830
PARAISO,1829
PRADOS,1829
CORUMBAIBA,1829
SEARA,1824
CANHOBA,1823
MINAS DO LEAO,1822
GENERAL CAMARA,1821
AMETISTA DO SUL,1820
SOCORRO DO PIAUI,1820
PALMARES PAULISTA,1820
BOM RETIRO,1819
RIACHO FRIO,1817
HOLAMBRA,1817
INHAUMA,1816
SANTA CRUZ DA VITORIA,1815
COQUEIRO SECO,1815
MONTE CARLO,1813
PATIS,1813
SAO JOAO DO SUL,1813
RAFAEL FERNANDES,1812
ARAUJOS,1811
PALMEIRA DO PIAUI,1811
DOUTOR ULYSSES,1809
HERVAL,1809
IBIRAREMA,1804
TIMBO GRANDE,1804
CRISSIUMAL,1803
ALEGRETE DO PIAUI,1803
TIBAU,1802
PAES LANDIM,1800
NOVA CANTU,1798
PAULO DE FARIA,1798
CONTENDAS DO SINCORA,1796
ITABI,1794
PRATAPOLIS,1791
DARCINOPOLIS,1790
BARROLANDIA,1790
JESUITAS,1789
CEDRO DE SAO JOAO,1788
TORRINHA,1785
RIACHAO DO POCO,1784
BOA VENTURA DE SAO ROQUE,1784
GRAVATAL,1784
SILVEIRAS,1779
PAVUSSU,1778
ARAGUACEMA,1777
DIONISIO,1777
DESTERRO DE ENTRE RIOS,1777
RONDA ALTA,1775
PAI PEDRO,1770
VIEIROPOLIS,1770
JEQUITIBA,1768
SAMBAIBA,1767
MUCURICI,1766
CAMPO ERE,1765
FELICIO DOS SANTOS,1765
ABATIA,1764
NATIVIDADE DA SERRA,1763
BOM JARDIM DE MINAS,1762
DUMONT,1762
CRAVOLANDIA,1762
FERNANDES PINHEIRO,1761
FLORESTAL,1760
PASSA TEMPO,1758
DATAS,1756
VIRGOLANDIA,1756
GAUCHA DO NORTE,1755
BARAO DO TRIUNFO,1752
TUNAS DO PARANA,1750
NOVA TEBAS,1748
CEU AZUL,1747
SANTA RITA DE MINAS,1746
HULHA NEGRA,1746
INIMUTABA,1745
NOVO SAO JOAQUIM,1744
ALIANCA DO TOCANTINS,1743
TAQUARIVAI,1742
SAO GONCALO DO PIAUI,1742
LUIZ ALVES,1741
VERA CRUZ DO OESTE,1740
ESPIRITO SANTO DO DOURADO,1739
BOQUEIRAO DO LEAO,1739
DIVINOPOLIS DE GOIAS,1737
GRANJEIRO,1737
SERRA DO NAVIO,1737
TIROS,1735
CARNEIRINHO,1732
CURRALINHOS,1732
CAMPOS VERDES,1731
PONTAL DO ARAGUAIA,1730
SAPOPEMA,1730
RIO DO PRADO,1729
VERMELHO NOVO,1729
ALFREDO VASCONCELOS,1728
MORADA NOVA DE MINAS,1728
SANTA ISABEL DO IVAI,1726
LAVRINHAS,1726
SEGREDO,1725
FLORES DO PIAUI,1725
SANTA BARBARA DE GOIAS,1724
CABECEIRA GRANDE,1723
ARRAIAL,1723
CABACEIRAS,1723
BELA VISTA DO TOLDO,1722
SERRINHA DOS PINTOS,1715
BRITANIA,1714
LAGOA DO PIAUI,1709
LAGOAO,1709
JURANDA,1708
MACAUBAL,1707
FIRMINO ALVES,1705
GUIDOVAL,1704
SAO JOAO DO MANTENINHA,1702
RIVERSUL,1699
SERAFINA CORREA,1699
JARDIM DO MULATO,1699
CORONEL BICACO,1698
GUARACAI,1697
ITAGUARI,1696
PASSAGEM FRANCA DO PIAUI,1695
RIBEIRA DO PIAUI,1695
ALVARENGA,1694
SANTO CRISTO,1693
ADRIANOPOLIS,1693
AREALVA,1692
COUTO DE MAGALHAES,1692
CRISTAIS PAULISTA,1691
RIO ESPERA,1691
BREJO DO PIAUI,1690
FRANCISCOPOLIS,1689
PALMA,1689
ESTIVA GERBI,1689
SAO JOAO DO TIGRE,1688
JANDAIA,1687
RIO SONO,1687
ITANHANGA,1685
MESSIAS TARGINO,1684
JAMPRUCA,1683
LUIZIANA,1683
SAO PEDRO DOS CRENTES,1682
LAGAMAR,1682
ANAURILANDIA,1679
SANTO ANTONIO DO ARACANGUA,1677
OUVIDOR,1677
PAU D'ARCO DO PIAUI,1676
JANDUIS,1675
IRAI,1668
CAMPO FLORIDO,1666
IPUACU,1666
ARICANDUVA,1666
MAQUINE,1666
ARAPOEMA,1665
DENISE,1665
LAGOA,1664
SANTA MARIA DO SALTO,1662
CAMPO BELO DO SUL,1659
FRONTEIRA DOS VALES,1659
JACUI,1659
CAPITAO ANDRADE,1659
SERRANOPOLIS,1659
SAO BENTO DO TRAIRI,1658
BARBOSA,1657
SEBASTIAO BARROS,1656
SILVANOPOLIS,1656
SANTANA DE MANGUEIRA,1655
SANTO ANTONIO DA ALEGRIA,1654
PEQUIZEIRO,1654
ASSUNCAO,1654
SAO PEDRO DO SUACUI,1653
NOVA EUROPA,1653
SANTA BARBARA DO SUL,1651
BERTOPOLIS,1648
SAPUCAI-MIRIM,1648
IEPE,1647
DOMINGOS MOURAO,1643
INGAZEIRA,1642
SINIMBU,1642
CATINGUEIRA,1641
MARILAC,1639
NOVA TRENTO,1638
COLOMBIA,1638
CASEARA,1638
FRUTUOSO GOMES,1635
MARCOS PARENTE,1631
CONSTANTINA,1631
COIVARAS,1629
DOBRADA,1628
FRANCINOPOLIS,1627
ALTO BOA VISTA,1626
VEREDINHA,1626
JOIA,1626
IRAI DE MINAS,1624
WALL FERRAZ,1623
PAULO FRONTIN,1623
ANHEMBI,1621
SAO JORGE D'OESTE,1620
ITAGUARU,1619
RONDON,1619
TUPASSI,1618
ITACURUBA,1618
RODEIRO,1616
JOVIANIA,1616
PIEDADE DOS GERAIS,1616
PEREIRAS,1613
AMERICANO DO BRASIL,1612
SAO JOAO BATISTA DO GLORIA,1610
FAZENDA NOVA,1610
SANTA EFIGENIA DE MINAS,1610
AMARAL FERRADOR,1609
MATINHAS,1608
VICENTINA,1607
SAO JOAO DA LAGOA,1607
MONTE HOREBE,1607
PIUM,1606
GUATAPARA,1604
ITUMIRIM,1603
LAVRAS DO SUL,1602
PIRACEMA,1601
NOVA LACERDA,1600
ELISEU MARTINS,1600
SAO JOSE DE ESPINHARAS,1599
SENHORA DE OLIVEIRA,1599
PEDRA BELA,1598
SANTA ROSA DE LIMA,1595
LIMEIRA DO OESTE,1593
MORRO CABECA NO TEMPO,1592
SAO JOSE DA BARRA,1592
SAO JOAO DA CANABRAVA,1592
SAO BENTO DO TOCANTINS,1589
RIACHAO DO BACAMARTE,1589
BELA VISTA DO PIAUI,1587
CATURAI,1586
RESTINGA,1585
NORTELANDIA,1584
SAO PEDRO DOS FERROS,1584
SAMPAIO,1584
SANTA RITA DO ARAGUAIA,1584
SAO FELIX DE BALSAS,1578
CAMPINA DO MONTE ALEGRE,1575
ITIRAPUA,1571
ARAGOMINAS,1569
SAO PEDRO DO TURVO,1569
LAJEDAO,1567
COMBINADO,1566
FAXINAL DOS GUEDES,1565
SAO SEBASTIAO DO TOCANTINS,1565
GAMELEIRAS,1565
RODOLFO FERNANDES,1563
FIGUEIROPOLIS,1563
FORMIGUEIRO,1563
BERIZAL,1562
ABADIA DOS DOURADOS,1562
INOCENCIA,1559
SAO ROQUE DE MINAS,1559
PALMEIRANTE,1559
SAO JOAO DA VARJOTA,1556
FRANCISCO ALVES,1554
LONTRAS,1553
TAPERA,1553
SAO VICENTE DE MINAS,1551
GUARACIAMA,1551
DOM MACEDO COSTA,1551
SAO JOSE DO XINGU,1551
ANTONIO PRADO,1550
DOURADO,1549
FRANCISCO AYRES,1548
MARILENA,1548
SANTANA DO RIACHO,1546
MANOEL VIANA,1540
DONA EUSEBIA,1539
ARAPUA,1539
ALTO HORIZONTE,1539
CONFINS,1538
PADRE CARVALHO,1536
PESCARIA BRAVA,1536
SUD MENNUCCI,1534
BARRA D'ALCANTARA,1534
ICEM,1532
NOVA IORQUE,1530
IRAPUA,1529
CAIANA,1529
AGUAS DA PRATA,1528
NOVORIZONTE,1526
SAO NICOLAU,1525
GUARDA-MOR,1525
SELVIRIA,1513
TRIUNFO POTIGUAR,1511
BOM RETIRO DO SUL,1507
IGUATAMA,1506
GLORINHA,1506
CERRITO,1506
SANTANA DA VARGEM,1505
CAMPOS DE JULIO,1505
LAGOA DO BARRO DO PIAUI,1504
PAQUETA,1504
PATROCINIO DO MURIAE,1504
CORONEL DOMINGOS SOARES,1502
ECHAPORA,1502
AGROLANDIA,1500
CAPETINGA,1500
CATUIPE,1498
CUMBE,1498
SAO CARLOS DO IVAI,1497
IBIQUERA,1496
IRANI,1496
BOCAINA DE MINAS,1496
VILA PROPICIO,1495
SAO MIGUEL DAS MISSOES,1492
ESTRELA D'OESTE,1491
CACIMBA DE AREIA,1491
BARRA LONGA,1490
RAFARD,1489
VISTA ALEGRE DO ALTO,1489
ITAPIRAPUA PAULISTA,1488
IBEMA,1488
ENTRE-IJUIS,1488
DIVINO DAS LARANJEIRAS,1488
MORRO REDONDO,1487
CORONEL JOAO PESSOA,1486
SALES,1485
MATERLANDIA,1485
SAO JOSE DO SABUGI,1484
AGUA FRIA DE GOIAS,1483
SABAUDIA,1481
RIO PRETO,1479
POCO DANTAS,1478
ITOBI,1478
FELIZ,1477
ITAVERAVA,1477
VILA BOA,1474
HELIODORA,1474
IJACI,1474
FELIZ DESERTO,1473
JECEABA,1469
CURVELANDIA,1469
SAO MIGUEL DO ALEIXO,1469
DIVINO DE SAO LOURENCO,1468
SAO JOAO DO CAIUA,1467
TARABAI,1467
DORES DO TURVO,1465
INACIOLANDIA,1463
AGUIARNOPOLIS,1462
POUSO ALTO,1461
SEBASTIAO LEAL,1460
VERE,1460
FRUTA DE LEITE,1460
ARCEBURGO,1459
ROSARIO DO IVAI,1459
BREJINHO DE NAZARE,1458
SAO JOAO DO CARIRI,1456
MONTIVIDIU DO NORTE,1455
DUAS ESTRADAS,1454
CAREACU,1454
GUARANTA,1454
CONCEICAO DE IPANEMA,1454
PAULO LOPES,1453
SAO JOSE DA SAFIRA,1452
JABOTI,1451
CORONEL FREITAS,1451
CAJAZEIRINHAS,1451
JANIOPOLIS,1451
JOSE RAYDAN,1450
COCALINHO,1450
FOZ DO JORDAO,1447
LINDOIA,1446
VARGEM GRANDE DO RIO PARDO,1446
CONGONHAS DO NORTE,1445
PEDRA GRANDE,1444
RODEIO,1444
SAO JOSE DA BOA VISTA,1444
BANDEIRA,1443
BARAO DE MONTE ALTO,1442
PRACUUBA,1441
TAIACU,1441
JESUANIA,1440
AIQUARA,1439
SANTO INACIO DO PIAUI,1439
DELFINOPOLIS,1438
PAULISTAS,1438
PAINS,1438
BRAUNAS,1437
FORMOSA DO OESTE,1435
DOM CAVATI,1434
ITACAMBIRA,1434
TUIUTI,1430
CARVALHOS,1429
SAO LUDGERO,1428
SANTANA DO PIAUI,1428
PEROBAL,1427
AMPARO DO SERRA,1427
BARREIRAS DO PIAUI,1426
PALMITINHO,1425
AIURUOCA,1425
SAO JOSE DO GOIABAL,1424
JOANESIA,1424
SAO SEBASTIAO DO OESTE,1423
LAFAIETE COUTINHO,1422
VARJAO DE MINAS,1420
QUINTANA,1419
FRANCISCO DUMONT,1415
BOM JESUS DO AMPARO,1415
MONTE FORMOSO,1413
DIVISA NOVA,1408
SAO LUIZ DO NORTE,1408
SAO JORGE DO PATROCINIO,1407
PINDORAMA DO TOCANTINS,1407
NOVA PALMEIRA,1403
SAO GONCALO DO ABAETE,1403
DIVINA PASTORA,1403
ESTRELA DO NORTE,1402
LIBERDADE,1402
CAMPO AZUL,1400
CLEMENTINA,1400
ESTRELA DO SUL,1397
SAO JOAO DO PACUI,1395
CANA VERDE,1394
HEITORAI,1394
IVATE,1394
SAO FRANCISCO DO OESTE,1394
SERRA AZUL DE MINAS,1393
CAMPO ALEGRE DE GOIAS,1393
ITAMBARACA,1392
QUILOMBO,1391
AGUAS DE SANTA BARBARA,1391
MARQUINHO,1390
SAO TOMAS DE AQUINO,1390
OLIVEDOS,1390
ARAPORA,1389
SAO BENTINHO,1388
CANAVIEIRA,1388
CAICARA DO RIO DO VENTO,1387
SAO FRANCISCO DO GLORIA,1386
CRUCILANDIA,1385
BARCELONA,1385
PONTO CHIQUE,1384
GUAIRACA,1383
SOSSEGO,1383
ROSARIO DA LIMEIRA,1382
CHUVISCA,1380
ERVAL SECO,1380
IBERTIOGA,1380
SERRANOPOLIS DE MINAS,1379
AMAPORA,1378
OLHO-D'AGUA DO BORGES,1378
CANAA,1378
PARDINHO,1376
HUGO NAPOLEAO,1376
VOLTA GRANDE,1376
BANDEIRA DO SUL,1375
LINDOESTE,1374
MIRAVANIA,1372
SANTA CRUZ DE SALINAS,1371
LOGRADOURO,1368
RIO MANSO,1368
ARANDU,1367
CANABRAVA DO NORTE,1364
SENADOR GEORGINO AVELINO,1364
TURVANIA,1363
RESSAQUINHA,1363
SAO JOSE DO PEIXE,1363
SANTA ROSA DO TOCANTINS,1362
CATIGUA,1361
BILAC,1360
SENADOR MODESTINO GONCALVES,1358
BERNARDO SAYAO,1356
SAO PEDRO DA UNIAO,1356
CUPARAQUE,1355
ARIRANHA,1354
PESCADOR,1354
FREI LAGONEGRO,1353
VISTA SERRANA,1352
PARAU,1351
LAMBARI D'OESTE,1350
PIRANGUCU,1348
IRAPURU,1348
APARECIDA DO RIO NEGRO,1348
IPORANGA,1347
PONTE ALTA DO BOM JESUS,1346
LUCRECIA,1344
POCO DE JOSE DE MOURA,1343
MAJOR SALES,1342
BELEM DO PIAUI,1342
VENHA-VER,1342
CABIXI,1340
LAGOINHA,1339
MAR VERMELHO,1338
SAO PEDRO DO IGUACU,1338
XAMBRE,1336
PRATANIA,1336
NOVA BELEM,1336
MAE D'AGUA,1335
GUAIMBE,1334
PRATA DO PIAUI,1332
BARRA DO OURO,1330
LAGUNA CARAPA,1330
ESPIGAO ALTO DO IGUACU,1326
SENTINELA DO SUL,1326
MATRINCHA,1326
MOEDA,1324
FUNILANDIA,1323
CACAULANDIA,1323
PARAISO DO SUL,1322
MALHADA DOS BOIS,1321
PAULA FREITAS,1320
NOVA MODICA,1320
OURO VERDE DE GOIAS,1319
SAO GERALDO DA PIEDADE,1319
SERTAO SANTANA,1318
JOSE GONCALVES DE MINAS,1317
LAJEDINHO,1316
BONFINOPOLIS DE MINAS,1314
BUGRE,1312
ARARICA,1311
DOUTOR CAMARGO,1311
NOVO ACORDO,1311
TELHA,1310
VERA MENDES,1308
CANAS,1306
DORES DE GUANHAES,1304
SAO VALERIO DA NATIVIDADE,1303
CONCEICAO DO PARA,1303
CAPELA NOVA,1300
BOM PRINCIPIO,1299
SAO FRANCISCO DE SALES,1298
DOM JOAQUIM,1297
ITAPIRATINS,1297
NOVA ALIANCA,1295
TACIBA,1294
SANTA ALBERTINA,1291
LAGOA DOS PATOS,1291
ROQUE GONZALES,1290
NOVA SANTA ROSA,1289
SAUDADE DO IGUACU,1286
PINGO-D'AGUA,1285
APIUNA,1284
IACRI,1284
HONORIO SERPA,1283
LUNARDELLI,1281
SANTA RITA DE JACUTINGA,1278
SAO JOSE DO BONFIM,1275
CARAA,1275
CUNHA PORA,1275
TURVOLANDIA,1273
NOVO PLANALTO,1272
MARIA HELENA,1271
SAO FELIPE D'OESTE,1270
CAMPINA DO SIMAO,1270
BRAS PIRES,1269
SAO JOSE DO BARREIRO,1267
RITAPOLIS,1267
UBARANA,1267
SILVIANOPOLIS,1267
VITORINO,1266
AMERICO DE CAMPOS,1266
JURAMENTO,1264
RENASCENCA,1262
SANTANA DO ITARARE,1258
SAO JOSE DOS CORDEIROS,1258
ENEAS MARQUES,1258
BRAUNA,1257
AUGUSTO DE LIMA,1255
IPIRANGA DO NORTE,1253
PEROLA D'OESTE,1250
VICENTE DUTRA,1250
RIANAPOLIS,1249
COUTO DE MAGALHAES DE MINAS,1247
IARAS,1247
SANTO ANTONIO DO ITAMBE,1245
ALVORADA DE MINAS,1243
SAO JOSE DE PRINCESA,1240
NOVA GUARITA,1240
CATOLANDIA,1236
TEIXEIROPOLIS,1236
JOAO COSTA,1236
SANTA CRUZ DOS MILAGRES,1236
SERTANEJA,1235
RECURSOLANDIA,1234
CAMPO NOVO,1233
PAINEIRAS,1233
MUTUNOPOLIS,1232
BERNARDINO BATISTA,1231
TAPARUBA,1230
FAXINAL DO SOTURNO,1229
SOLEDADE DE MINAS,1229
GOIANDIRA,1227
BANNACH,1225
DUERE,1224
GUARANI DAS MISSOES,1224
PALMA SOLA,1224
CARRASCO BONITO,1223
LUMINARIAS,1223
SAO FELIX DE MINAS,1221
MARIANOPOLIS DO TOCANTINS,1221
POLONI,1221
SERRA GRANDE,1220
CAMPANARIO,1220
JOSENOPOLIS,1218
SAO BENTO DO NORTE,1217
CAIUA,1215
RIO BRANCO DO IVAI,1215
COLINAS DO SUL,1214
ALCINOPOLIS,1213
SAO SEBASTIAO DA BELA VISTA,1213
NUPORANGA,1213
GUARANI DE GOIAS,1210
DESCOBERTO,1210
CAMPOS NOVOS PAULISTA,1209
CAMPESTRE DE GOIAS,1208
BRAGANEY,1207
REDENCAO DA SERRA,1206
CAMBARA DO SUL,1204
ARMAZEM,1204
CONCEICAO DO TOCANTINS,1203
LASTRO,1203
BODO,1202
SANTA MARIA DA SERRA,1200
SANTA FE DE MINAS,1199
VARGEM BONITA,1199
BOSSOROCA,1199
ITAUBA,1199
MARACAJA,1197
SABINO,1196
TAQUARACU DE MINAS,1195
ITARUMA,1192
SANTA CRUZ DO ESCALVADO,1191
JAMBEIRO,1191
NOVA BRASILANDIA,1190
TRES FRONTEIRAS,1187
JACI,1186
SANTA RITA DO PARDO,1184
ARACU,1183
TUPARENDI,1183
SAO FERNANDO,1183
LEME DO PRADO,1180
PROGRESSO,1178
IPEUNA,1175
QUINTA DO SOL,1175
RIBEIRAO DO SUL,1174
GURINHATA,1171
SALTO DO ITARARE,1171
MOSSAMEDES,1169
RIO DOS CEDROS,1169
CANITAR,1168
CONDOR,1167
EMAS,1166
GURJAO,1165
CONQUISTA,1165
FERNANDO PEDROZA,1164
DIAMANTE DO NORTE,1163
MAURILANDIA DO TOCANTINS,1162
DAMIANOPOLIS,1162
URUANA DE MINAS,1161
IPIGUA,1161
OURO VELHO,1159
TURVELANDIA,1159
TAMBORIL DO PIAUI,1158
GALIA,1157
SANTA FE DE GOIAS,1156
CAMPINACU,1156
CORONEL MACEDO,1156
PEDRA MOLE,1156
MARIOPOLIS,1154
DIOGO DE VASCONCELOS,1154
JARAGUARI,1150
JAPIRA,1150
ACEGUA,1150
ACAIACA,1149
MONTE ALEGRE DO SUL,1148
TUNAS,1147
MELEIRO,1144
SAO MARTINHO,1144
CRISTIANO OTONI,1141
VIEIRAS,1141
ITAPURA,1141
SAO SEBASTIAO DO UMBUZEIRO,1139
ALAMBARI,1139
TREZE DE MAIO,1139
SANTA ERNESTINA,1136
SANTO ANTONIO DO JARDIM,1135
EDEALINA,1133
DOM SILVERIO,1132
JAU DO TOCANTINS,1130
ITAOCA,1130
MADRE DE DEUS DE MINAS,1130
SAO BENTO ABADE,1130
CENTENARIO,1128
ORIENTE,1128
ALGODAO DE JANDAIRA,1127
COROADOS,1125
SANDOLANDIA,1125
DOM BOSCO,1124
TOCOS DO MOJI,1122
ALECRIM,1122
SANTANA DO JACARE,1121
NOVA NAZARE,1121
OURO VERDE DO OESTE,1119
TAQUARAL DE GOIAS,1119
NOVA ROSALANDIA,1118
INDIANA,1117
CAJAZEIRAS DO PIAUI,1117
NIPOA,1116
AMARALINA,1116
NATERCIA,1114
FENIX,1114
PRANCHITA,1113
LAGOA DE VELHOS,1112
IBIRAIARAS,1112
RIO DO CAMPO,1111
RODEIO BONITO,1111
LUIZIANIA,1108
CORGUINHO,1107
PARECIS,1107
SAO MIGUEL DO FIDALGO,1104
CROMINIA,1102
ITAARA,1102
LUPIONOPOLIS,1098
UNIAO DO SUL,1096
NOVA SANTA BARBARA,1096
SAO JOSE DO SERIDO,1095
RIBEIRAO CORRENTE,1095
MARLIERIA,1094
VARJAO,1093
ROCHEDO,1093
BOM SUCESSO DE ITARARE,1092
LAGOA DO TOCANTINS,1091
SANTO ANTONIO DO GRAMA,1090
RIO DO OESTE,1090
BRAZABRANTES,1090
VILA NOVA DO PIAUI,1089
AVAI,1088
FREI MARTINHO,1087
SAO GERALDO DO BAIXIO,1087
CORREGO FUNDO,1086
LIZARDA,1083
BENEDITO NOVO,1080
PEQUI,1079
PAJEU DO PIAUI,1078
NOVA MARINGA,1078
SANTA BARBARA DO TUGURIO,1078
ALTAMIRA DO PARANA,1077
CATAS ALTAS,1076
KALORE,1076
AGUAS DE CHAPECO,1075
UBIRAJARA,1074
GONCALVES,1074
GOUVELANDIA,1072
ORINDIUVA,1070
BALIZA,1070
OLHO D'AGUA DO PIAUI,1069
SAO JOSE DO OURO,1068
AURORA DO TOCANTINS,1068
ARAMINA,1067
CORUMBATAI DO SUL,1066
CALDAZINHA,1065
CAJURI,1065
PASSO DO SOBRADO,1064
MACHADINHO,1064
FLORAI,1064
ANTONIO ALMEIDA,1063
CHAPADA,1062
TRINDADE DO SUL,1060
RIBEIRA,1060
ARAMBARE,1060
SAO JOSE DO ALEGRE,1058
PAVERAMA,1058
MENDONCA,1057
VILA NOVA DO SUL,1056
NOVA ROMA,1054
DIAMANTE D'OESTE,1052
ASCURRA,1050
AGUA NOVA,1047
PALMINOPOLIS,1046
SANTO ANTONIO DA BARRA,1046
TORIXOREU,1045
BURITINOPOLIS,1044
ANGELINA,1044
MONTEIRO LOBATO,1044
MARABA PAULISTA,1043
RAFAEL GODEIRO,1042
SANTA CARMEM,1042
PEDRO LAURENTINO,1042
MIRASSOLANDIA,1040
PLANALTINA DO PARANA,1040
MATO RICO,1039
GOIABEIRA,1039
TAMBOARA,1037
FLOR DA SERRA DO SUL,1037
FRANCISCO MACEDO,1037
AGUAS MORNAS,1037
LAURENTINO,1034
SAO PAULO DAS MISSOES,1031
TENORIO,1030
ORATORIOS,1030
NOVA ESPERANCA DO SUDOESTE,1030
MATA,1029
EWBANK DA CAMARA,1029
BIAS FORTES,1027
SANTA ROSA DE GOIAS,1026
OCAUCU,1024
AREIAS,1023
BOM JESUS DA PENHA,1023
GUZOLANDIA,1023
DESCANSO,1022
VILA FLOR,1022
MARMELOPOLIS,1022
MONTE DAS GAMELEIRAS,1021
CRUZEIRO DA FORTALEZA,1021
FORTALEZA DO TABOCAO,1021
GUAPIRAMA,1019
AROEIRAS DO ITAIM,1016
MORRO DO PILAR,1015
DAMOLANDIA,1014
MONDAI,1014
PIACATU,1014
IMBUIA,1013
HIDROLINA,1013
CACIQUE DOBLE,1010
SANTO INACIO,1010
SAO MIGUEL DO PASSA QUATRO,1010
CERRO NEGRO,1008
SALETE,1008
SANTA TEREZA DE GOIAS,1007
TANQUE DO PIAUI,1006
TERESINA DE GOIAS,1006
ITUTINGA,1006
SAO JORGE DO IVAI,1005
PORTO DOS GAUCHOS,1005
AJURICABA,1004
TABULEIRO,1002
SANTANA DOS MONTES,999
CLARAVAL,998
VIRMOND,998
APARECIDA D'OESTE,998
TAIUVA,997
ITAGUAJE,997
PONTALINDA,996
LIDIANOPOLIS,996
JULIO MESQUITA,994
ADOLFO,994
FERNANDO PRESTES,994
REGINOPOLIS,993
PARANAPUA,993
BORACEIA,991
PASSA SETE,990
PIEDADE DO RIO GRANDE,990
CABRALIA PAULISTA,990
PONTE ALTA,989
FLORESTA DO PIAUI,987
GLICERIO,986
PORTO AMAZONAS,985
IGUARACU,983
VIDAL RAMOS,983
BONOPOLIS,983
NARANDIBA,982
PEDRA DO ANTA,982
SANTO ANTONIO DO AVENTUREIRO,981
QUADRA,980
SAO JOSE DO MANTIMENTO,980
JOSE BOITEUX,980
NOVO BRASIL,979
AUGUSTO PESTANA,977
NOVO HORIZONTE DO SUL,976
CRISTIANOPOLIS,974
IBARAMA,974
AGUANIL,973
TIMBE DO SUL,972
MURICILANDIA,971
JOAQUIM FELICIO,970
PIRAJUBA,969
QUARTO CENTENARIO,967
JARDIM DE ANGICOS,966
CHAPADA DA NATIVIDADE,966
CARRAPATEIRA,966
MIRAGUAI,966
LAGOINHA DO PIAUI,965
TEJUPA,964
ANHUMAS,962
NOVA SANTA HELENA,955
MUNHOZ DE MELO,955
INDIAPORA,954
SAO PEDRO DA CIPA,953
AMORINOPOLIS,952
SERTAO,951
RIACHO DA CRUZ,951
TROMBAS,951
AURILANDIA,951
BOM JARDIM DA SERRA,950
ALPESTRE,949
SAO DOMINGOS DE POMBAL,948
GUATAMBU,948
GENERAL MAYNARD,947
CATAS ALTAS DA NORUEGA,947
UMBURATIBA,946
SAO JOSE DA VARGINHA,945
GRAMADO XAVIER,945
LIBERATO SALZANO,945
VITOR MEIRELES,944
NATALANDIA,944
SAO CRISTOVAO DO SUL,943
PROFESSOR JAMIL,943
NOVA INDEPENDENCIA,943
IBITIURA DE MINAS,942
LAMIM,942
MURUTINGA DO SUL,941
DIAMANTE DO SUL,940
CASCA,938
SANTOPOLIS DO AGUAPEI,936
FRANCISCO DANTAS,936
SALMOURAO,935
NOVA BASSANO,934
SAO FELIX DO PIAUI,934
IPORA DO OESTE,934
CAMPO BONITO,933
POPULINA,932
CAFEZAL DO SUL,932
PORTO ALEGRE DO PIAUI,928
JOAO DIAS,928
LAVINIA,926
CARIRI DO TOCANTINS,926
CASTELANDIA,926
RIO CRESPO,925
RANCHO ALEGRE,924
NACIP RAYDAN,924
PORTO BARREIRO,924
SANTA AMELIA,922
MATHIAS LOBATO,921
TREZE TILIAS,921
CONCEICAO DA BARRA DE MINAS,920
LEOPOLIS,918
PARAISO DAS AGUAS,917
SANTA ROSA DA SERRA,914
MATO GROSSO,912
ESPIRITO SANTO DO TURVO,911
RIFAINA,908
JAQUIRANA,907
MACAMBARA,906
LOBATO,905
CAPIVARI DO SUL,905
ROCA SALES,904
CASTANHEIRAS,901
MARIPA,901
JOCA CLAUDINO,900
GLAUCILANDIA,900
GUARARA,900
MERIDIANO,900
BARAO DE COTEGIPE,900
ITAMARATI DE MINAS,899
IPIRANGA DE GOIAS,899
CAIBI,897
ARAGUAIANA,897
DIVINESIA,897
CONSELHEIRO MAIRINCK,897
SANTA CECILIA DO PAVAO,897
PEDRA DOURADA,896
ONDA VERDE,896
MARUMBI,895
GAMELEIRA DE GOIAS,893
ERVAL GRANDE,891
SAO GONCALO DO GURGUEIA,889
IPIACU,889
SANTANA DE CATAGUASES,888
PORTO ESTRELA,888
CARRANCAS,888
NOVO BARREIRO,884
UNIAO DE MINAS,884
BURITIZAL,884
CERRO BRANCO,884
ITA,882
CAIBATE,882
CARANAIBA,880
JAUPACI,879
CACHOEIRA DA PRATA,879
PATO BRAGADO,878
MARIANA PIMENTEL,878
PRIMAVERA DE RONDONIA,878
SANDOVALINA,877
ALFREDO MARCONDES,876
SENHORA DO PORTO,876
DESTERRO DO MELO,875
RIO QUENTE,874
JUNDIAI DO SUL,873
UIRAPURU,873
NOVAIS,872
RIO DOS BOIS,869
MACEDONIA,869
BARRA DO QUARAI,869
APARECIDA DO RIO DOCE,868
MERCEDES,866
FERNANDES TOURINHO,866
GRAO PARA,865
BARAO DE ANTONINA,865
TROMBUDO CENTRAL,865
SALTO DO CEU,864
TRES PALMEIRAS,863
SAO DOMINGOS DO CARIRI,862
CURRAL VELHO,860
LUPERCIO,860
SANTA RITA DE IBITIPOCA,859
JABOTICABA,857
PIEDADE DE PONTE NOVA,856
RAMILANDIA,855
RIBEIRAO VERMELHO,855
JAPARAIBA,854
SANTA MARIA DO TOCANTINS,854
PLANALTO DA SERRA,852
NOVA PALMA,851
CARVALHOPOLIS,851
PRESIDENTE CASTELO BRANCO,851
SANTANA DO SERIDO,850
MOMBUCA,850
RIO DAS ANTAS,850
ANGICO,850
SAO JOAO DA MATA,849
PORTO VITORIA,849
MOTUCA,849
ARATIBA,847
PRESIDENTE ALVES,847
AVELINOPOLIS,847
CORREGO NOVO,844
PEDRA DO INDAIA,843
SANTANA DO DESERTO,843
PALESTINA DE GOIAS,843
FORTALEZA DOS VALOS,841
PRATINHA,840
FORTUNA DE MINAS,840
MINDURI,839
ANALANDIA,838
PINHAL GRANDE,837
SAO BRAS DO SUACUI,836
SUZANAPOLIS,835
CONCEICAO DAS PEDRAS,832
MATUTINA,832
BRASILANDIA DO SUL,832
CRUZEIRO DO IGUACU,830
BOM JESUS DO SUL,828
NOVA AMERICA DA COLINA,827
SAO LUIS DO PIAUI,826
GODOY MOREIRA,824
SAO JOSE DAS PALMEIRAS,824
SERRA DA RAIZ,823
SANTA MONICA,823
MORRO AGUDO DE GOIAS,822
AGUA DOCE,821
PORTELANDIA,821
LINDOLFO COLLOR,821
BANDEIRANTES DO TOCANTINS,818
SAUDADES,817
NOVO HORIZONTE DO NORTE,817
GASTAO VIDIGAL,815
AMPARO DE SAO FRANCISCO,814
PORTO LUCENA,813
SANTO HIPOLITO,812
JERIQUARA,811
ADELANDIA,811
LUZINOPOLIS,811
GALINHOS,810
IPE,809
CORREGO DO BOM JESUS,809
ESTACAO,805
TAQUARUSSU,805
FARIA LEMOS,803
CORDISLANDIA,803
SAO JOSE DOS AUSENTES,800
ITAUNA DO SUL,800
SARUTAIA,799
GAVIAO PEIXOTO,798
SAO JOAO DA URTIGA,797
SITIO D'ABADIA,796
IPUMIRIM,796
TRES RANCHOS,796
SAO GONCALO DO RIO PRETO,795
PLATINA,794
CONQUISTA D'OESTE,794
FIGUEIROPOLIS D'OESTE,793
SANTA BARBARA DO MONTE VERDE,791
RIACHO DE SANTO ANTONIO,791
CHACARA,790
SAO SEBASTIAO DA VARGEM ALEGRE,788
CAMPINAS DO SUL,786
PORTO ALEGRE DO TOCANTINS,784
PIRAQUE,783
NOVO CABRAIS,783
JESUPOLIS,782
DONA FRANCISCA,781
OURO,781
PRADO FERREIRA,781
PINHEIRINHO DO VALE,781
JOAO RAMALHO,780
PIRATUBA,780
TIRADENTES DO SUL,780
DOM VICOSO,779
BURITI DE GOIAS,778
PASSOS MAIA,776
PIQUEROBI,776
GUARUJA DO SUL,775
SANTA TEREZA DO TOCANTINS,772
SAO SALVADOR DO TOCANTINS,770
PORTO RICO,768
ALEGRIA,768
PILAR DE GOIAS,768
BELA VISTA DA CAROBA,768
TURUCU,767
PINDOBA,767
JATEI,767
TABAI,766
ALVARO DE CARVALHO,765
LUCIARA,764
CRUZMALTINA,763
MONTE SANTO DO TOCANTINS,762
AGRONOMICA,762
ARENOPOLIS,761
MAIRIPOTABA,761
APORE,760
BRAGA,760
JARI,758
GUARAITA,758
MAXIMILIANO DE ALMEIDA,758
TABOLEIRO GRANDE,757
PORTEIRAO,756
MEDEIROS,756
ITACURUBI,755
RONDOLANDIA,755
SANTA CRUZ DA CONCEICAO,753
JUARINA,752
VERISSIMO,752
CAMPOS BORGES,752
SALGADO FILHO,751
BOCAINA DO SUL,750
ROMELANDIA,750
CAMACHO,750
SANTO ANTONIO DO LESTE,749
ZABELE,747
ALTAIR,747
GLORIA D'OESTE,747
SANTA TEREZINHA DO TOCANTINS,747
NOVA ITABERABA,747
TALISMA,743
URUTAI,742
TUCUNDUVA,741
VALE DE SAO DOMINGOS,739
SAO MIGUEL DA BAIXA GRANDE,738
HERVEIRAS,738
PARAI,737
CANDIDO GODOI,736
CAXAMBU DO SUL,735
COXIXOLA,733
ABREULANDIA,732
QUARTEL GERAL,732
CIRIACO,731
ARANTINA,731
CALMON,731
AREIA DE BARAUNAS,731
PRESIDENTE KUBITSCHEK,730
SANTO AFONSO,730
SAO MARTINHO DA SERRA,727
ARGIRITA,727
SANTA RITA DO NOVO DESTINO,725
CAPAO DO CIPO,724
BOA VISTA DO BURICA,723
MAMPITUBA,723
ITAPORA DO TOCANTINS,722
SERRANOPOLIS DO IGUACU,722
FORTALEZA DE MINAS,718
NOSSA SENHORA DAS GRACAS,718
NOVO ITACOLOMI,717
ANGULO,717
OLIMPIO NORONHA,714
FAROL,714
CAIABU,713
PEDRINOPOLIS,710
BROCHIER,709
RUBINEIA,708
SANTA CLARA DO SUL,708
CARMOLANDIA,705
CORUMBATAI,705
NOVO MACHADO,705
CAMPINA DAS MISSOES,702
SAO VALERIO DO SUL,702
FLORINIA,702
TIMBAUBA DOS BATISTAS,701
NOVA LUZITANIA,701
NOVO JARDIM,700
ALVARES FLORENCE,699
CRISTAL DO SUL,699
ISRAELANDIA,698
IBIRAPUITA,697
PEROLANDIA,696
CHIAPETTA,696
GARRUCHOS,696
IVOLANDIA,694
NOVA IGUACU DE GOIAS,694
ILOPOLIS,694
SEBASTIANOPOLIS DO SUL,692
RIO BOM,692
BOTUVERA,691
ALAGOA,691
AGUAS DE SAO PEDRO,691
PIAU,690
PONGAI,689
SANTO ANTONIO DOS MILAGRES,688
ONCA DE PITANGUI,687
LEANDRO FERREIRA,687
LEOBERTO LEAL,686
PEJUCARA,682
EMILIANOPOLIS,681
CORONEL PACHECO,680
VITORIA DAS MISSOES,679
BELMIRO BRAGA,678
CORONEL XAVIER CHAVES,677
CORREGO DO OURO,677
VIADUTOS,677
ANITAPOLIS,676
VALE VERDE,675
BREJO ALEGRE,674
RIQUEZA,674
ESTRELA VELHA,671
ALVINLANDIA,671
SIMAO PEREIRA,669
IBITURUNA,668
SELBACH,668
ALBERTINA,667
CUMARI,667
GAURAMA,666
SANTA CRUZ DE GOIAS,664
ANTA GORDA,664
MARIAPOLIS,662
MIMOSO DE GOIAS,662
BIQUINHAS,662
MATOS COSTA,661
URUPEMA,661
SANTA MERCEDES,660
DOUTOR MAURICIO CARDOSO,659
IVATUBA,657
TORRE DE PEDRA,655
ROMARIA,654
ITATIBA DO SUL,653
DILERMANDO DE AGUIAR,652
DEZESSEIS DE NOVEMBRO,651
SEM-PEIXE,650
MIRA ESTRELA,648
MAGDA,647
MATEIROS,647
TESOURO,647
RONDINHA,647
ARAPEI,646
PAIM FILHO,646
PONTAO,642
RESERVA DO CABACAL,642
NOVA ERECHIM,640
PUGMIL,638
NOVA AMERICA,637
GUARINOS,637
SERRA NOVA DOURADA,636
LAJEADO DO BUGRE,634
MARIPA DE MINAS,634
JAGUARACU,633
RUBIACEA,632
NOVA ESPERANCA DO SUL,632
ITATI,632
RIO DOS INDIOS,631
PARISI,630
MARCELINO RAMOS,630
SAO JOSE DO BREJO DO CRUZ,629
LUZERNA,627
IBIACA,627
SAO JOAO DO ITAPERIU,626
SULINA,626
ERVAL VELHO,625
QUEVEDOS,625
FAZENDA VILANOVA,622
BENJAMIN CONSTANT DO SUL,622
PARANAPOEMA,621
SALVADOR DO SUL,621
DISTRITO ESTADUAL DE FERNANDO DE NORONHA,620
CHARRUA,619
SANTANA DO GARAMBEU,619
SANTO EXPEDITO,617
OURIZONA,616
SAO JOSE DO POVO,616
MAJOR GERCINO,615
JACUIZINHO,615
CASSIA DOS COQUEIROS,615
SEVERIANO DE ALMEIDA,614
TRES FORQUILHAS,614
SILVEIRANIA,613
ESTRELA DO INDAIA,613
MANFRINOPOLIS,613
CHIADOR,612
PONTE ALTA DO NORTE,610
TUPIRATINS,610
PINHAL DE SAO BENTO,609
NOVA MARILANDIA,607
PEQUERI,607
LUTECIA,606
ROCHEDO DE MINAS,605
CAFEARA,604
CELSO RAMOS,603
CORREGO DANTA,602
GALVAO,601
ESMERALDA,600
FLORIDA,600
EREBANGO,600
SERRANOS,599
QUEIROZ,597
PANAMA,597
FIGUEIRAO,595
MORRO REUTER,595
INGAI,594
COMENDADOR GOMES,592
PUTINGA,592
VALE REAL,592
IPUEIRA,591
PARECI NOVO,589
LAGOA BONITA DO SUL,589
ENTRE RIOS DO OESTE,588
TIMBURI,587
PEDRAS ALTAS,584
MATO LEITAO,584
RIBEIRAOZINHO,583
RIO DOCE,582
LINDOIA DO SUL,581
SANTO ANTONIO DO CAIUA,581
TOROPI,579
BARRA DO JACARE,578
PARARI,577
FLOREAL,576
INUBIA PAULISTA,574
INDIAVAI,574
RANCHO ALEGRE D'OESTE,572
MARAPOAMA,572
RIOZINHO,571
ELISIARIO,571
BRUNOPOLIS,571
GRAMADO DOS LOUREIROS,569
RIO RUFINO,568
UNISTALDA,567
SAO PEDRO DE ALCANTARA,566
MORRO GRANDE,566
JABORA,565
SAO JOSE DAS MISSOES,565
CANDIDO RODRIGUES,562
ITAMBE DO MATO DENTRO,561
MARZAGAO,559
DAVID CANABARRO,558
SANTA MARIA DO HERVAL,557
SANTA RITA DO TOCANTINS,557
BOREBI,556
LOURDES,556
NANTES,555
CORDILHEIRA ALTA,555
ARIRANHA DO IVAI,554
SANTA MARGARIDA DO SUL,554
ABDON BATISTA,554
SANTA CRUZ DO XINGU,552
PALMELO,552
ZACARIAS,551
CACHOEIRA DE GOIAS,551
ESTRELA DALVA,551
BOM SUCESSO DO SUL,550
DIORAMA,549
ARACAI,549
CARMESIA,549
IRACEMINHA,548
TAIPAS DO TOCANTINS,546
SANTO ANTONIO DO RIO ABAIXO,545
PONTE BRANCA,545
SAO JOAO DAS DUAS PONTES,544
MONTE ALEGRE DOS CAMPOS,543
ITAJU,542
BRASILANDIA DO TOCANTINS,542
PIMENTEIRAS DO OESTE,541
SAO VALENTIM,539
AUREA,537
PEDRO TEIXEIRA,536
SANTA RITA DO TRIVELATO,535
SANTA TEREZINHA DO PROGRESSO,535
CASCALHO RICO,534
CONSOLACAO,533
CERRO GRANDE,533
RIBEIRAO DOS INDIOS,532
PIRAPO,531
MORRO DA GARCA,529
PASSA-VINTE,528
RANCHO QUEIMADO,528
BOA ESPERANCA DO IGUACU,526
OLEO,526
PAULISTANIA,524
INHACORA,524
PONTES GESTAL,523
SAO BONIFACIO,523
MONJOLOS,523
ZORTEA,522
PEDRAS GRANDES,521
SAO PEDRO DO PARANA,520
ALOANDIA,515
SAGRADA FAMILIA,515
FAXINALZINHO,514
ENTRE RIOS DO SUL,513
PEDRINHAS PAULISTA,513
SAO PATRICIO,512
ESPERANCA DO SUL,512
WITMARSUM,510
VARGEAO,507
ANAHY,506
PAINEL,506
CAPAO ALTO,505
ARACITABA,505
NOVO ALEGRE,504
CHAPADAO DO LAGEADO,502
BENTO DE ABREU,502
SAO JOAO DA PARAUNA,500
SAO JOSE DO HERVAL,499
CASEIROS,498
PEDRANOPOLIS,498
XAVANTINA,498
SAO FELIX DO TOCANTINS,495
IRACEMA DO OESTE,495
GUARANI D'OESTE,494
SANTO ANTONIO DO PARAISO,492
BANDEIRANTE,492
OLARIA,491
FREI ROGERIO,491
EUGENIO DE CASTRO,489
TUPANDI,489
SAGRES,489
OSCAR BRESSANE,485
MARINOPOLIS,483
QUINZE DE NOVEMBRO,482
BOM PROGRESSO,480
DERRUBADAS,480
ASPASIA,478
QUATRO PONTES,475
TAQUARAL,475
ERMO,474
CRUZALIA,474
SAO JOAO DO POLESINE,474
BARAO,473
BARRA DO GUARITA,472
MORRINHOS DO SUL,471
UNIFLOR,470
SEDE NOVA,470
BOA VISTA DO INCRA,468
SANTA CLARA D'OESTE,468
JUPIA,468
ARROIO DO PADRE,467
SENADOR SALGADO FILHO,466
DOM PEDRO DE ALCANTARA,466
ROLADOR,465
NOVA GUATAPORANGA,465
PINHAL,464
MIGUEL LEAO,463
AGUA LIMPA,463
CAMPESTRE DA SERRA,462
LAVANDEIRA,462
SAO SEBASTIAO DO RIO VERDE,461
ERNESTINA,461
PINHAL DA SERRA,460
VILA MARIA,460
RIO DA CONCEICAO,459
COXILHA,459
CASA GRANDE,458
PRINCESA,457
MARQUES DE SOUZA,457
NOVA ARACA,456
SAO JOAO DO PAU D'ALHO,456
MODELO,455
VISTA ALEGRE,455
ARCO-IRIS,454
ARABUTA,453
SENADOR CORTES,453
PLANALTO ALEGRE,452
AGUA SANTA,449
MUCUM,449
LUCIANOPOLIS,449
SANTA RITA D'OESTE,446
UNIAO DO OESTE,443
SUL BRASIL,443
MONCOES,443
GABRIEL MONTEIRO,442
AGUA COMPRIDA,442
FORMOSA DO SUL,442
DOLCINOPOLIS,441
MORMACO,441
FAMA,440
JUMIRIM,440
TIO HUGO,439
PORTO MAUA,439
HARMONIA,439
DOUTOR PEDRINHO,437
DOIS IRMAOS DAS MISSOES,437
TUNAPOLIS,436
MOIPORA,434
ATALANTA,433
MUITOS CAPOES,430
PASSABEM,430
CORONEL MARTINS,429
SUCUPIRA,428
DONA EMMA,427
SENADOR JOSE BENTO,426
NOVO TIRADENTES,425
SALDANHA MARINHO,425
SALTO VELOSO,424
NOVA CANAA PAULISTA,423
SAO BERNARDINO,422
CRIXAS DO TOCANTINS,420
GUAPOREMA,418
VISTA GAUCHA,417
MESOPOLIS,415
IBICARE,413
SAO JOSE DO HORTENCIO,411
COTIPORA,411
TREVISO,409
QUELUZITO,408
EMBAUBA,407
ITAPUCA,407
NOVA ALVORADA,402
MATO CASTELHANO,401
ESPERANCA NOVA,400
AGUAS FRIAS,399
TUPIRAMA,399
CHAPADA DE AREIA,398
OLIVEIRA FORTES,398
SAO JOAO DO OESTE,394
BRACO DO TROMBUDO,394
SANTA CRUZ DA ESPERANCA,394
ARROIO TRINTA,390
PAIVA,388
VITORIA BRASIL,387
OLIVEIRA DE FATIMA,384
NICOLAU VERGUEIRO,384
MULITERNO,382
PICADA CAFE,380
SERRA ALTA,380
DORESOPOLIS,376
SAO PEDRO DAS MISSOES,376
SILVEIRA MARTINS,375
ANTONIO PRADO DE MINAS,373
RIO FORTUNA,372
TIGRINHOS,369
TRABIJU,366
BOA VISTA DAS MISSOES,365
CORONEL BARROS,365
SAO JORGE,365
UNIAO PAULISTA,365
PRESIDENTE NEREU,364
SAO PEDRO DO BUTIA,363
DOURADOQUARA,362
MIRASELVA,360
SAO SEBASTIAO DO RIO PRETO,360
TAQUARUCU DO SUL,360
SAO JOAO DE IRACEMA,357
MIRIM DOCE,356
SERITINGA,354
PRACINHA,354
SANTO EXPEDITO DO SUL,354
SETE DE SETEMBRO,353
FERNAO,350
PINHEIRO PRETO,344
SAO PEDRO DA SERRA,340
SANTA SALETE,338
TURIUBA,338
CAMARGO,332
JARDIM OLINDA,332
MARATA,331
BOA VISTA DO CADEADO,331
IBIAM,328
ARVOREDO,325
DIRCE REIS,323
CAPAO BONITO DO SUL,322
MAREMA,320
FLORA RICA,319
PAIAL,317
NOVA ROMA DO SUL,316
DOIS LAJEADOS,316
COQUEIROS DO SUL,313
SAO MANOEL DO PARANA,312
NOVA RAMADA,307
PRESIDENTE LUCENA,307
VILA FLORES,306
BOZANO,304
BOM JESUS DO OESTE,301
UBIRETAMA,300
PORTO VERA CRUZ,299
SERIO,298
IVORA,298
SAO DOMINGOS DO SUL,297
VICTOR GRAEFF,295
CANUDOS DO VALE,295
NOVA CANDELARIA,294
NOVA BRESCIA,293
FLORIANO PEIXOTO,290
SANTO ANTONIO DO PLANALTO,288
BARRA FUNDA,286
SALVADOR DAS MISSOES,285
NOVA CASTILHO,280
URU,278
POUSO NOVO,278
CAPITAO,277
MARIANO MORO,276
BOA VISTA DO SUL,275
CEDRO DO ABAETE,275
TRES ARROIOS,274
GRUPIARA,271
FLOR DO SERTAO,270
ARAGUAINHA,270
BALBINOS,270
ALTO FELIZ,268
PERITIBA,268
ENGENHO VELHO,268
,267
SANTANA DA PONTE PENSA,266
NOVO XINGU,266
BARRA DO RIO AZUL,263
SANTIAGO DO SUL,263
CRUZALTENSE,259
PAULO BENTO,258
SANTO ANTONIO DO PALMA,258
SAO MIGUEL DA BOA VISTA,256
NOVA ALIANCA DO IVAI,256
ANHANGUERA,255
TUPANCI DO SUL,254
PINTO BANDEIRA,251
GENTIL,250
FORQUETINHA,247
QUATRO IRMAOS,244
MATO QUEIMADO,241
MACIEIRA,237
CARLOS GOMES,234
NOVA PADUA,232
SAO JOSE DO SUL,231
DOUTOR RICARDO,230
POCO DAS ANTAS,230
PROTASIO ALVES,226
SANTA CECILIA DO SUL,225
SAO VALENTIM DO SUL,224
FAGUNDES VARELA,221
LAGOA DOS TRES CANTOS,220
ALMIRANTE TAMANDARE DO SUL,220
SAO JOSE DO INHACORA,214
LAJEADO GRANDE,213
MONTE BELO DO SUL,212
IMIGRANTE,211
PRESIDENTE CASTELLO BRANCO,209
PONTE PRETA,203
LACERDOPOLIS,203
VILA LANGARO,200
IOMERE,199
RELVADO,198
VANINI,197
SAO VENDELINO,191
WESTFALIA,191
TRAVESSEIRO,190
BORA,187
IPIRANGA DO SUL,184
CUNHATAI,184
LINHA NOVA,175
SERRA DA SAUDADE,172
COQUEIRO BAIXO,163
ANDRE DA ROCHA,159
ALTO BELA VISTA,156
VISTA ALEGRE DO PRATA,154
VESPASIANO CORREA,148
GUABIJU,147
MONTAURI,133
NOVA BOA VISTA,123
CORONEL PILAR,115
SANTA TEREZA,104
UNIAO DA SERRA,79
